elapsed_time,Ta,MRT,RH,Velocity,Solar,Clo,Met,Overall_Comfort,Overall_Comfort_weighted,Overall_Sensation,Overall_Sensation_Linear,Overall_Sensation_Weighted,MeanSkinTemp,Tblood,Tneutral,PMV,PPD,EHT,Qmet,Qconv,Qrad,Qsolar,Qresp,Qsweat,Tskin-Head,Tcore-Head,Sens-Head,Sens_weighted-Head,Comfort-Head,Comfort_weighted-Head,EHT-Head,Tskin_set-Head,Tskin_set_reg-Head,Tskin-Chest,Tcore-Chest,Sens-Chest,Sens_weighted-Chest,Comfort-Chest,Comfort_weighted-Chest,EHT-Chest,Tskin_set-Chest,Tskin_set_reg-Chest,Tskin-Back,Tcore-Back,Sens-Back,Sens_weighted-Back,Comfort-Back,Comfort_weighted-Back,EHT-Back,Tskin_set-Back,Tskin_set_reg-Back,Tskin-Pelvis,Tcore-Pelvis,Sens-Pelvis,Sens_weighted-Pelvis,Comfort-Pelvis,Comfort_weighted-Pelvis,EHT-Pelvis,Tskin_set-Pelvis,Tskin_set_reg-Pelvis,Tskin-Left Upper Arm,Tcore-Left Upper Arm,Sens-Left Upper Arm,Sens_weighted-Left Upper Arm,Comfort-Left Upper Arm,Comfort_weighted-Left Upper Arm,EHT-Left Upper Arm,Tskin_set-Left Upper Arm,Tskin_set_reg-Left Upper Arm,Tskin-Right Upper Arm,Tcore-Right Upper Arm,Sens-Right Upper Arm,Sens_weighted-Right Upper Arm,Comfort-Right Upper Arm,Comfort_weighted-Right Upper Arm,EHT-Right Upper Arm,Tskin_set-Right Upper Arm,Tskin_set_reg-Right Upper Arm,Tskin-Left Lower Arm,Tcore-Left Lower Arm,Sens-Left Lower Arm,Sens_weighted-Left Lower Arm,Comfort-Left Lower Arm,Comfort_weighted-Left Lower Arm,EHT-Left Lower Arm,Tskin_set-Left Lower Arm,Tskin_set_reg-Left Lower Arm,Tskin-Right Lower Arm,Tcore-Right Lower Arm,Sens-Right Lower Arm,Sens_weighted-Right Lower Arm,Comfort-Right Lower Arm,Comfort_weighted-Right Lower Arm,EHT-Right Lower Arm,Tskin_set-Right Lower Arm,Tskin_set_reg-Right Lower Arm,Tskin-Left Hand,Tcore-Left Hand,Sens-Left Hand,Sens_weighted-Left Hand,Comfort-Left Hand,Comfort_weighted-Left Hand,EHT-Left Hand,Tskin_set-Left Hand,Tskin_set_reg-Left Hand,Tskin-Right Hand,Tcore-Right Hand,Sens-Right Hand,Sens_weighted-Right Hand,Comfort-Right Hand,Comfort_weighted-Right Hand,EHT-Right Hand,Tskin_set-Right Hand,Tskin_set_reg-Right Hand,Tskin-Left Thigh,Tcore-Left Thigh,Sens-Left Thigh,Sens_weighted-Left Thigh,Comfort-Left Thigh,Comfort_weighted-Left Thigh,EHT-Left Thigh,Tskin_set-Left Thigh,Tskin_set_reg-Left Thigh,Tskin-Right Thigh,Tcore-Right Thigh,Sens-Right Thigh,Sens_weighted-Right Thigh,Comfort-Right Thigh,Comfort_weighted-Right Thigh,EHT-Right Thigh,Tskin_set-Right Thigh,Tskin_set_reg-Right Thigh,Tskin-Left Lower Leg,Tcore-Left Lower Leg,Sens-Left Lower Leg,Sens_weighted-Left Lower Leg,Comfort-Left Lower Leg,Comfort_weighted-Left Lower Leg,EHT-Left Lower Leg,Tskin_set-Left Lower Leg,Tskin_set_reg-Left Lower Leg,Tskin-Right Lower Leg,Tcore-Right Lower Leg,Sens-Right Lower Leg,Sens_weighted-Right Lower Leg,Comfort-Right Lower Leg,Comfort_weighted-Right Lower Leg,EHT-Right Lower Leg,Tskin_set-Right Lower Leg,Tskin_set_reg-Right Lower Leg,Tskin-Left Foot,Tcore-Left Foot,Sens-Left Foot,Sens_weighted-Left Foot,Comfort-Left Foot,Comfort_weighted-Left Foot,EHT-Left Foot,Tskin_set-Left Foot,Tskin_set_reg-Left Foot,Tskin-Right Foot,Tcore-Right Foot,Sens-Right Foot,Sens_weighted-Right Foot,Comfort-Right Foot,Comfort_weighted-Right Foot,EHT-Right Foot,Tskin_set-Right Foot,Tskin_set_reg-Right Foot
59,25.776648762606253,25.823351237393737,0.577664876260626,0.08766487626062601,8.766487626062602,1.055532975252125,1.3,0.822253601478886,0.822253601478886,0.5029356451376148,0.48992443247858164,0.5029356451376148,34.37146009708449,36.196738238438535,20.335952758105126,1.419881739070128,0.465742234820612,24.801751338905397,143.5596687057789,-24.07123122820363,-31.292787618509138,4.0513862663515,-12.622849521384923,-49.81859589145839,34.700953576578144,36.54657192608433,0.5161001282781772,0.5161001282781772,0.8659285700472683,0.8659285700472683,22.972650411220847,34.48857992370474,33.90264831398712,34.545581778629874,36.27303991210812,0.5709480907359858,0.5709480907359858,1.2191679342839128,1.2191679342839128,24.33420959850164,34.358031359740245,34.334590710262546,34.39495141686922,36.25400436056785,0.6106846028280981,0.6106846028280981,0.9303193478060603,0.9303193478060603,24.50938665339053,34.21692490808226,34.37931842933295,34.754848365738866,37.71609847971199,0.49246528581470983,0.49246528581470983,2.0862051991304607,2.0862051991304607,24.047337336932927,34.55091666248571,34.551184467971574,34.01507179002931,35.91507065210406,0.42263680094477163,0.42263680094477163,1.8461635865099135,1.8461635865099135,25.531880589941473,33.83959507781169,33.723483134396794,34.01598926166827,35.91455414903898,0.42593987323788474,0.42593987323788474,1.8408147308266904,1.8408147308266904,25.62885417822045,33.838064423217766,33.723483134396794,33.22825522946053,35.097768836548624,0.49039889540834514,0.49039889540834514,2.9957082604561593,2.9957082604561593,25.31758820062941,33.02940269977617,32.898792279634215,33.227690959485756,35.096116472853765,0.4944787180640482,0.4944787180640482,2.9884370245778884,2.9884370245778884,25.419899624385017,33.02601498120972,32.898792279634215,35.08259870080594,35.2653777874175,0.3759926932161526,0.3759926932161526,1.1703797286636928,1.1703797286636928,23.713346825344612,34.87524793539676,34.10254935308619,35.08274485737977,35.264129802068396,0.3773494494268319,0.3773494494268319,1.1682228784752449,1.1682228784752449,23.842431443436727,34.873733564229966,34.10254935308619,34.72876511258616,36.66337042566146,0.47238309709146575,0.47238309709146575,1.395430032056951,1.395430032056951,24.6361625310599,34.57569253998987,34.04578332065087,34.7293489497341,36.66321582606483,0.4751642167544179,0.4751642167544179,1.390442405768586,1.390442405768586,24.748799846284562,34.57475387775875,34.04578332065087,33.499031332245394,36.213975983668966,0.5744358113972452,0.5744358113972452,0.8043789637568508,0.8043789637568508,26.277787342077858,33.272684413382564,32.7237663827253,33.50067460758303,36.21357368623745,0.5796705645959248,0.5796705645959248,0.7964532706325389,0.7964532706325389,26.378927925392155,33.27117008783326,32.7237663827253,34.555865538449204,34.98602320025188,0.462382224490971,0.462382224490971,1.3618933227588248,1.3618933227588248,24.3318162616452,34.344739057076325,33.66098787719973,34.54827373370097,34.985525459280126,0.45341072228456136,0.45341072228456136,1.377503728421929,1.377503728421929,24.093808045697642,34.34418570972188,33.66098787719973
119,25.776648762606253,25.823351237393737,0.577664876260626,0.08766487626062601,8.766487626062602,1.055532975252125,1.3,0.7771618209457231,0.7771618209457231,0.5253119763409082,0.5146933234745584,0.5253119763409082,34.46478752565693,36.17746626440405,20.335952758105126,1.419881739070128,0.465742234820612,24.7845653947278,143.5596687057789,-24.31246091548627,-31.607048483928427,4.0513862663515,-12.612617213677499,-50.437926635677805,34.776190379604586,36.54013040691475,0.567550783135629,0.567550783135629,0.7693556719329018,0.7693556719329018,22.946042507947812,34.48857992370474,33.90264831398712,34.63615570431962,36.260139312294804,0.6286393874907161,0.6286393874907161,1.1223624993391732,1.1223624993391732,24.31425375535552,34.358031359740245,34.334590710262546,34.48510498342531,36.236933555904336,0.6524880836444726,0.6524880836444726,0.8516796507719302,0.8516796507719302,24.48949680844502,34.21692490808226,34.37931842933295,34.87020396539312,37.716735845694316,0.508995849584641,0.508995849584641,2.061518546423336,2.061518546423336,24.015915040764078,34.55091666248571,34.551184467971574,34.07333852124395,35.915536846778664,0.42993896210556315,0.42993896210556315,1.8223043829641805,1.8223043829641805,25.526513813261587,33.83959507781169,33.723483134396794,34.075451217832715,35.91502127017034,0.4331080618969487,0.4331080618969487,1.8171492844461317,1.8171492844461317,25.623572181927006,33.838064423217766,33.723483134396794,33.30637347716992,35.098386382970496,0.5360090073395662,0.5360090073395662,2.941790072071992,2.941790072071992,25.305796415188954,33.02940269977617,32.898792279634215,33.307241815208464,35.09673439621623,0.5406215408437429,0.5406215408437429,2.9331806338744912,2.9331806338744912,25.408206029883786,33.02601498120972,32.898792279634215,35.14924134734183,35.282217235593514,0.41194789979734114,0.41194789979734114,1.0990840253263257,1.0990840253263257,23.692120744217164,34.87524793539676,34.10254935308619,35.150112220139945,35.28109575080784,0.41359100050472763,0.41359100050472763,1.0965218856666512,1.0965218856666512,23.821385729633185,34.873733564229966,34.10254935308619,34.795354050785335,36.664319369350196,0.45040345072354926,0.45040345072354926,1.434820426649883,1.434820426649883,24.61973375873403,34.57569253998987,34.04578332065087,34.79675026224796,36.6641647401367,0.45281360973111573,0.45281360973111573,1.430504883547695,1.430504883547695,24.732486365015262,34.57475387775875,34.04578332065087,33.607234761229684,36.215082870978485,0.5763333957730556,0.5763333957730556,0.7848356193469881,0.7848356193469881,26.270137904372724,33.272684413382564,32.7237663827253,33.61060584421498,36.21468079933772,0.5813493253327713,0.5813493253327713,0.7772941715572796,0.7772941715572796,26.37151396522469,33.27117008783326,32.7237663827253,34.64902533820822,34.9952788438689,0.45465449142806413,0.45465449142806413,1.367629644789435,1.367629644789435,24.301809838569504,34.344739057076325,33.66098787719973,34.63772758897532,34.994499498983785,0.44608870550753377,0.44608870550753377,1.3825162332980734,1.3825162332980734,24.062054508785764,34.34418570972188,33.66098787719973
179,25.776648762606253,25.823351237393737,0.577664876260626,0.08766487626062601,8.766487626062602,1.055532975252125,1.3,0.7259568484391344,0.7259568484391344,0.5470529998938795,0.5402272223370624,0.5470529998938795,34.52823383287112,36.178874608370116,20.335952758105126,1.419881739070128,0.465742234820612,24.77328378371456,143.5596687057789,-24.476179144863483,-31.818829200101977,4.0513862663515,-12.604874961732328,-50.514973307364755,34.818918155457176,36.53432528538932,0.6048014576028002,0.6048014576028002,0.7017569761774405,0.7017569761774405,22.930978792320083,34.48857992370474,33.90264831398712,34.68985599943907,36.25050334973667,0.6694040813107218,0.6694040813107218,1.054364347559139,1.054364347559139,24.30243647355671,34.358031359740245,34.334590710262546,34.54157204488517,36.225351589362674,0.6870464403468342,0.6870464403468342,0.7859793987136963,0.7859793987136963,24.47705454459613,34.21692490808226,34.37931842933295,34.94526540321821,37.71706938939387,0.5238410420816741,0.5238410420816741,2.0388617648670793,2.0388617648670793,23.995479266262556,34.55091666248571,34.551184467971574,34.114758462950476,35.91607222005469,0.44707705030420186,0.44707705030420186,1.782655451956633,1.782655451956633,25.522711144499247,33.83959507781169,33.723483134396794,34.117692530840245,35.9155596659019,0.4502813618713306,0.4502813618713306,1.7774069618112642,1.7774069618112642,25.61983198537466,33.838064423217766,33.723483134396794,33.36380762850378,35.09918597634794,0.57856549755153,0.57856549755153,2.888849322416187,2.888849322416187,25.29714834851666,33.02940269977617,32.898792279634215,33.365698596649835,35.09753797798368,0.5836609429253246,0.5836609429253246,2.879037444914879,2.879037444914879,25.399634361608896,33.02601498120972,32.898792279634215,35.19068455130611,35.30676237527674,0.43974089040852915,0.43974089040852915,1.0423942093384655,1.0423942093384655,23.678970623086236,34.87524793539676,34.10254935308619,35.19201726064558,35.30584949345874,0.4415885058807052,0.4415885058807052,1.039556830654519,1.039556830654519,23.808343646896255,34.873733564229966,34.10254935308619,34.84230641206316,36.66525617034333,0.4511414688524611,0.4511414688524611,1.4334990929934501,1.4334990929934501,24.6081785666344,34.57569253998987,34.04578332065087,34.8442811752472,36.66510176489197,0.4534055040657612,0.4534055040657612,1.429444870729753,1.429444870729753,24.721010745722495,34.57475387775875,34.04578332065087,33.68842334638034,36.216244295665845,0.5944223762644274,0.5944223762644274,0.7418172042918227,0.7418172042918227,26.264409399292084,33.272684413382564,32.7237663827253,33.693073235133454,36.21584370011212,0.5994786187063879,0.5994786187063879,0.7342963648481398,0.7342963648481398,26.365962954661413,33.27117008783326,32.7237663827253,34.712839652757005,35.01119221030637,0.4621089715783504,0.4621089715783504,1.3473298658069375,1.3473298658069375,24.281301593418444,34.344739057076325,33.66098787719973,34.69889152468082,35.00987232677519,0.45353123546283003,0.45353123546283003,1.3621464638342884,1.3621464638342884,24.040392513946014,34.34418570972188,33.66098787719973
239,25.776648762606253,25.823351237393737,0.577664876260626,0.08766487626062601,8.766487626062602,1.055532975252125,1.3,0.6808739295300151,0.6808739295300151,0.5676260862564403,0.5620126135425411,0.5676260862564403,34.574799479184996,36.18217941263336,20.335952758105126,1.419881739070128,0.465742234820612,24.765111094550527,143.5596687057789,-24.59828657988216,-31.975501519142227,4.0513862663515,-12.60093004837921,-50.719922440934035,34.84714933813237,36.53100296630926,0.6330775757690388,0.6330775757690388,0.6515353457813262,0.6515353457813262,22.921047142660807,34.48857992370474,33.90264831398712,34.72502894380601,36.245612512000335,0.7022165337923703,0.7022165337923703,0.9999494435811949,0.9999494435811949,24.29471201316573,34.358031359740245,34.334590710262546,34.580441240958265,36.21991586906062,0.7183831598173605,0.7183831598173605,0.7268041351782915,0.7268041351782915,24.468505345760093,34.21692490808226,34.37931842933295,34.99637306453119,37.71752633055842,0.5382318577021956,0.5382318577021956,2.0164999495744973,2.0164999495744973,23.98157830637455,34.55091666248571,34.551184467971574,34.146723373318686,35.916817747048434,0.4611106866483561,0.4611106866483561,1.748574589560513,1.748574589560513,25.51977740762208,33.83959507781169,33.723483134396794,34.150270121610255,35.916311250822815,0.46438987173367074,0.46438987173367074,1.7431812341258228,1.7431812341258228,25.616948358623297,33.838064423217766,33.723483134396794,33.409044493386006,35.10032913604299,0.6128523235188421,0.6128523235188421,2.847895055891482,2.847895055891482,25.290339473868215,33.02940269977617,32.898792279634215,33.41172217741961,35.09869032241383,0.618353280212534,0.618353280212534,2.8370920480641235,2.8370920480641235,25.392888439207265,33.02601498120972,32.898792279634215,35.22034979266623,35.33493203570394,0.46128750416724706,0.46128750416724706,0.9969978956935122,0.9969978956935122,23.669571781070964,34.87524793539676,34.10254935308619,35.222004461394775,35.334272476221265,0.4632847837702454,0.4632847837702454,0.9939676304865452,0.9939676304865452,23.799024655990117,34.873733564229966,34.10254935308619,34.878802659695104,36.66622486610859,0.4566973761638051,0.4566973761638051,1.423548274870168,1.423548274870168,24.599206026408304,34.57569253998987,34.04578332065087,34.88122158052065,36.666071082639746,0.45890588825602974,0.45890588825602974,1.4195911799728753,1.4195911799728753,24.712101324925626,34.57475387775875,34.04578332065087,33.75376321563421,36.21751819380147,0.6131042751088827,0.6131042751088827,0.6993544449381235,0.6993544449381235,26.25980219685162,33.272684413382564,32.7237663827253,33.759427909074255,36.217121003323115,0.6182803016421246,0.6182803016421246,0.6917319978705958,0.6917319978705958,26.361499483472414,33.27117008783326,32.7237663827253,34.760783889504964,35.03210041211549,0.472188381705978,0.472188381705978,1.3231085854933284,1.3231085854933284,24.265910058062722,34.344739057076325,33.66098787719973,34.74482193036213,35.03003751112775,0.4634892723932338,0.4634892723932338,1.3380321978174514,1.3380321978174514,24.024143336910782,34.34418570972188,33.66098787719973
299,25.776648762606253,25.823351237393737,0.577664876260626,0.08766487626062601,8.766487626062602,1.055532975252125,1.3,0.6412564048249445,0.6412564048249445,0.5873394969081068,0.5810573017955427,0.5873394969081068,34.61081304376011,36.18558343666597,20.335952758105126,1.419881739070128,0.465742234820612,24.758775947553733,143.5596687057789,-24.6943532253659,-32.09820778675096,4.0513862663515,-12.599522558883306,-51.10714954718577,34.86807709835189,36.529666603896835,0.6566626439676719,0.6566626439676719,0.610364655263917,0.610364655263917,22.913697407463722,34.48857992370474,33.90264831398712,34.75136190030881,36.243884903762925,0.7318879682361934,0.7318879682361934,0.9511116657101855,0.9511116657101855,24.288942217153007,34.358031359740245,34.334590710262546,34.6103922445449,36.21825203491606,0.7486339936380513,0.7486339936380513,0.6704894605220983,0.6704894605220983,24.461929955732348,34.21692490808226,34.37931842933295,35.03359975004349,37.71813699380037,0.5531025632461746,0.5531025632461746,1.9930186729317942,1.9930186729317942,23.971465631369313,34.55091666248571,34.551184467971574,34.17127202610793,35.91781447065374,0.47213103629407227,0.47213103629407227,1.7198592378773787,1.7198592378773787,25.51752360932464,33.83959507781169,33.723483134396794,34.17529469813488,35.91731768195365,0.47548649910517815,0.47548649910517815,1.7143278411179017,1.7143278411179017,25.614732612108806,33.838064423217766,33.723483134396794,33.444882004768516,35.10188009403604,0.6404256777152928,0.6404256777152928,2.8176321039472003,2.8176321039472003,25.284944921552274,33.02940269977617,32.898792279634215,33.44818685096127,35.10025669825238,0.6462609330750699,0.6462609330750699,2.80601809677063,2.80601809677063,25.387543234724056,33.02601498120972,32.898792279634215,35.24314390181765,35.36406690417584,0.47924966734308727,0.47924966734308727,0.9582408848059798,0.9582408848059798,23.662357010572386,34.87524793539676,34.10254935308619,35.245033061302074,35.36367730452797,0.481358513591565,0.481358513591565,0.9550736854900441,0.9550736854900441,23.7918751542637,34.873733564229966,34.10254935308619,34.908422188173326,36.667241480863495,0.46358207791550265,0.46358207791550265,1.4112102200305001,1.4112102200305001,24.591927588014364,34.57569253998987,34.04578332065087,34.91119719996623,36.66708883629191,0.46577009620133447,0.46577009620133447,1.407287772293142,1.407287772293142,24.704875147065337,34.57475387775875,34.04578332065087,33.80762665492321,36.21894486209513,0.6300499008245741,0.6300499008245741,0.6605777724795843,0.6605777724795843,26.25600502739519,33.272684413382564,32.7237663827253,33.81412710222466,36.218553540209754,0.6353599767208804,0.6353599767208804,0.6528267867313322,0.6528267867313322,26.35782084133153,33.27117008783326,32.7237663827253,34.79863534922215,35.0562037983395,0.48288557514541,0.48288557514541,1.298351875410796,1.298351875410796,24.25376650827504,34.344739057076325,33.66098787719973,34.78109763058656,35.053261265324856,0.4740495471962394,0.4740495471962394,1.3134053419991447,1.3134053419991447,24.0113183054318,34.34418570972188,33.66098787719973
359,25.776648762606253,25.823351237393737,0.577664876260626,0.08766487626062601,8.766487626062602,1.055532975252125,1.3,0.6031318461796138,0.6031318461796138,0.6051873961858851,0.5963160039918297,0.6051873961858851,34.639826390597534,36.1888300971743,20.335952758105126,1.419881739070128,0.465742234820612,24.753611203953856,143.5596687057789,-24.772577537813227,-32.198126660638174,4.0513862663515,-12.599658726484027,-51.64767916331545,34.885026568496556,36.52974969970489,0.6776513464475942,0.6776513464475942,0.5744642421239441,0.5744642421239441,22.907752179068353,34.48857992370474,33.90264831398712,34.773747163204916,36.24408042809059,0.7604543156127122,0.7604543156127122,0.9046029312341106,0.9046029312341106,24.284046422286277,34.358031359740245,34.334590710262546,34.635929243573756,36.218711457974784,0.7784916606516008,0.7784916606516008,0.61637983636104,0.61637983636104,24.456331780711846,34.21692490808226,34.37931842933295,35.06295005878521,37.7188905390832,0.5686041592069073,0.5686041592069073,1.9681759125407383,1.9681759125407383,23.96350319091901,34.55091666248571,34.551184467971574,34.18961352382397,35.91907828525713,0.4809514881308301,0.4809514881308301,1.6957633420304667,1.6957633420304667,25.51583871859087,33.83959507781169,33.723483134396794,34.194013381267695,35.91859518121962,0.4843749133780384,0.4843749133780384,1.6901132062795623,1.6901132062795623,25.613074282814683,33.838064423217766,33.723483134396794,33.472994455104185,35.10386815209194,0.662768252900269,0.662768252900269,2.7946250952007707,2.7946250952007707,25.280712256657377,33.02940269977617,32.898792279634215,33.47680872546458,35.10226696874824,0.6688797629988703,0.6688797629988703,2.782344591189658,2.782344591189658,25.38334676610889,33.02601498120972,32.898792279634215,35.26159003712066,35.392663566068215,0.49507700082638273,0.49507700082638273,0.9242895755822014,0.9242895755822014,23.65652290189208,34.87524793539676,34.10254935308619,35.2636542737419,35.39254288988637,0.4972702310537249,0.4972702310537249,0.9210235646191003,0.9210235646191003,23.78609836108825,34.873733564229966,34.10254935308619,34.93292674066964,36.66831607267594,0.4707437136706951,0.4707437136706951,1.398369900835391,1.398369900835391,24.585907256878762,34.57569253998987,34.04578332065087,34.935993443173956,36.66816517185288,0.47292381140044704,0.47292381140044704,1.3944603487310863,1.3944603487310863,24.69889874623151,34.57475387775875,34.04578332065087,33.85231656416261,36.22055277348303,0.6450023166982239,0.6450023166982239,0.6264274620595995,0.6264274620595995,26.252854650555083,33.272684413382564,32.7237663827253,33.85951829355996,36.220170163026346,0.6504387761083814,0.6504387761083814,0.6185514600538573,0.6185514600538573,26.354768282334614,33.27117008783326,32.7237663827253,34.82950859748219,35.08208966994893,0.49369245210538537,0.49369245210538537,1.2742471811329015,1.2742471811329015,24.243866278760184,34.344739057076325,33.66098787719973,34.81071987678823,35.07818641877042,0.48473096242841596,0.48473096242841596,1.2894129229284985,1.2894129229284985,24.00085050557749,34.34418570972188,33.66098787719973
419,25.776648762606253,25.823351237393737,0.577664876260626,0.08766487626062601,8.766487626062602,1.055532975252125,1.3,0.5648270307822042,0.5648270307822042,0.621571211444112,0.6114758345292627,0.621571211444112,34.663951929640355,36.19185894698402,20.335952758105126,1.419881739070128,0.465742234820612,24.749245442252363,143.5596687057789,-24.837725203641973,-32.28167569186268,4.0513862663515,-12.600688313698823,-52.298569616026974,34.899593747811586,36.53080105029518,0.6969347744875751,0.6969347744875751,0.5420719443514821,0.5420719443514821,22.902646472750604,34.48857992370474,33.90264831398712,34.79450857765642,36.24538800881989,0.7885579918235326,0.7885579918235326,0.859280413144974,0.859280413144974,24.27951063700131,34.358031359740245,34.334590710262546,34.65928642720159,36.22030104248047,0.8079731229777796,0.8079731229777796,0.5641226083767024,0.5641226083767024,24.451216031765476,34.21692490808226,34.37931842933295,35.08789195747144,37.71976972212906,0.5845094279530341,0.5845094279530341,1.9423383191219736,1.9423383191219736,23.956744367154045,34.55091666248571,34.551184467971574,34.202755722194965,35.920610669017144,0.4881428820421938,0.4881428820421938,1.6751501630255268,1.6751501630255268,25.51463044328153,33.83959507781169,33.723483134396794,34.20745795900591,35.920145333147666,0.49162477987684916,0.49162477987684916,1.66940049810325,1.66940049810325,25.61188223811449,33.838064423217766,33.723483134396794,33.49469890421235,35.10629959570732,0.6809421992388147,0.6809421992388147,2.7776644061811755,2.7776644061811755,25.27744341194154,33.02940269977617,32.898792279634215,33.49893220147313,35.10472761670046,0.6872844291105498,0.6872844291105498,2.764828326208843,2.764828326208843,25.380102135980273,33.02601498120972,32.898792279634215,35.277125497820954,35.41993838863294,0.5094596117141594,0.5094596117141594,0.8937150356372927,0.8937150356372927,23.65161219756392,34.87524793539676,34.10254935308619,35.279322591385906,35.42007527341649,0.5117173570664608,0.5117173570664608,0.8903774621229761,0.8903774621229761,23.781240417962515,34.873733564229966,34.10254935308619,34.953347309876385,36.66945519006368,0.4777793519193838,0.4777793519193838,1.3857522193026557,1.3857522193026557,24.58089059826296,34.57569253998987,34.04578332065087,34.95665506539525,36.66930669697556,0.4799553577890756,0.4799553577890756,1.3818495206851447,1.3818495206851447,24.693919182994453,34.57475387775875,34.04578332065087,33.88936086256311,36.22236035900613,0.6581098620608548,0.6581098620608548,0.5962741268878293,0.5962741268878293,26.250243119111747,33.272684413382564,32.7237663827253,33.89715671630952,36.22198954392809,0.6636591232719775,0.6636591232719775,0.588286539618428,0.588286539618428,26.35223698255379,33.27117008783326,32.7237663827253,34.85530826311031,35.10874329410657,0.5043613836672436,0.5043613836672436,1.2510544022294086,1.2510544022294086,24.235595976782946,34.344739057076325,33.66098787719973,34.83551843039982,35.10384076457902,0.4952916855246259,0.4952916855246259,1.2663063481466375,1.2663063481466375,23.992090504916906,34.34418570972188,33.66098787719973
479,25.776648762606253,25.823351237393737,0.577664876260626,0.08766487626062601,8.766487626062602,1.055532975252125,1.3,0.529264274889459,0.529264274889459,0.6366816406985,0.6252882127672995,0.6366816406985,34.6844950773049,36.19466473439527,20.335952758105126,1.419881739070128,0.465742234820612,24.74546255205407,143.5596687057789,-24.89279343082897,-32.352793489035676,4.0513862663515,-12.602202738762854,-53.019242680210795,34.912551614821076,36.53248386375606,0.7148532767067435,0.7148532767067435,0.5124477197981343,0.5124477197981343,22.89810668968252,34.48857992370474,33.90264831398712,34.81463423241181,36.24729812403539,0.8162311874356072,0.8162311874356072,0.8150078640915475,0.8150078640915475,24.275115756541794,34.358031359740245,34.334590710262546,34.68149555205921,36.2224432270173,0.8368581258407022,0.8368581258407022,0.5138502895171653,0.5138502895171653,24.446353864083513,34.21692490808226,34.37931842933295,35.110347717570285,37.72075667416286,0.6004886701886516,0.6004886701886516,1.9160638106608316,1.9160638106608316,23.950664040981447,34.55091666248571,34.551184467971574,34.21160708760365,35.92240302490622,0.4940731726602783,0.4940731726602783,1.6573166739254288,1.6573166739254288,25.513815621009236,33.83959507781169,33.723483134396794,34.2165537889195,35.9219594863037,0.4976051678192768,0.4976051678192768,1.6514836434072715,1.6514836434072715,25.611074777178302,33.838064423217766,33.723483134396794,33.511122485204865,35.109164073461464,0.695729622250802,0.695729622250802,2.7656555726358945,2.7656555726358945,25.274968985381534,33.02940269977617,32.898792279634215,33.51570418324412,35.10762822384601,0.7022672186241445,0.7022672186241445,2.7523491613003106,2.7523491613003106,25.377641476893615,33.02601498120972,32.898792279634215,35.29059781800015,35.44552745004934,0.5227111998321314,0.5227111998321314,0.8658336596204592,0.8658336596204592,23.64735538098077,34.87524793539676,34.10254935308619,35.29289687086371,35.4459049175726,0.5250186356555053,0.5250186356555053,0.8624442691346481,0.8624442691346481,23.77703344459715,34.873733564229966,34.10254935308619,34.970391017675915,36.67066267759385,0.48451711931219776,0.48451711931219776,1.3736680253619402,1.3736680253619402,24.576703521621894,34.57569253998987,34.04578332065087,34.97389840345046,36.670517290583085,0.48668972507194574,0.48668972507194574,1.3697716575354035,1.3697716575354035,24.68976344375738,34.57475387775875,34.04578332065087,33.91994538736389,36.224377668368106,0.6695861973699606,0.6695861973699606,0.5695793646096068,0.5695793646096068,26.248086814020215,33.272684413382564,32.7237663827253,33.92824735723811,36.22402185927101,0.6752344187098323,0.6752344187098323,0.5614948153530777,0.5614948153530777,26.350145880399126,33.27117008783326,32.7237663827253,34.87729055952512,35.13546335431358,0.5147194779193534,0.5147194779193534,1.2289728779705476,1.2289728779705476,24.228551433077048,34.344739057076325,33.66098787719973,34.856695317579636,35.12955421541207,0.5055581307277874,0.5055581307277874,1.2442874875545362,1.2442874875545362,23.984612087045,34.34418570972188,33.66098787719973
539,25.776648762606253,25.823351237393737,0.577664876260626,0.08766487626062601,8.766487626062602,1.055532975252125,1.3,0.4962658585770671,0.4962658585770671,0.6506196147990321,0.6379021371422534,0.6506196147990321,34.70229267899242,36.19726562727976,20.335952758105126,1.419881739070128,0.465742234820612,24.742130439277144,143.5596687057789,-24.939810245909168,-32.41406461549338,4.0513862663515,-12.603952884544707,-53.77656436245728,34.92428114109965,36.534555775771295,0.7315266393419009,0.7315266393419009,0.48526171904125226,0.48526171904125226,22.893998056209426,34.48857992370474,33.90264831398712,34.83445096762177,36.24950027135589,0.8432915004824042,0.8432915004824042,0.7720031653144663,0.7720031653144663,24.27078881170872,34.358031359740245,34.334590710262546,34.70297560707409,36.22481235586425,0.8648952112915715,0.8648952112915715,0.4657957417341356,0.4657957417341356,24.44165206904999,34.21692490808226,34.37931842933295,35.131324536079404,37.72183485187912,0.6162392544314814,0.6162392544314814,1.8898889979617202,1.8898889979617202,23.944986765521932,34.55091666248571,34.551184467971574,34.21698297754461,35.9244397091806,0.4989905019202512,0.4989905019202512,1.6417995642691046,1.6417995642691046,25.513319588667066,33.83959507781169,33.723483134396794,34.22212887592093,35.924021830502916,0.5025657087444158,0.5025657087444158,1.6358960913715368,1.6358960913715368,25.610578772860155,33.838064423217766,33.723483134396794,33.52324191735527,35.11243939329951,0.7077389161796126,0.7077389161796126,2.757645798654501,2.757645798654501,25.273142173222556,33.02940269977617,32.898792279634215,33.52811636756249,35.11094634700031,0.7144443943676548,0.7144443943676548,2.7439350918901906,2.7439350918901906,25.375819632413876,33.02601498120972,32.898792279634215,35.30251985836757,35.469303415483914,0.5349771653108188,0.5349771653108188,0.840292855164956,0.840292855164956,23.643589439984993,34.87524793539676,34.10254935308619,35.304897755842894,35.4699018088299,0.5373230375519946,0.5373230375519946,0.8368661294444801,0.8368661294444801,23.773315128983548,34.873733564229966,34.10254935308619,34.984603844519484,36.671940262880646,0.4908822511435744,0.4908822511435744,1.3622534112932005,1.3622534112932005,24.57321181491702,34.57569253998987,34.04578332065087,34.98827635851024,36.671798694211205,0.49305121854026757,0.49305121854026757,1.358364377964206,1.358364377964206,24.686298193655976,34.57475387775875,34.04578332065087,33.94506475984721,36.22660795463029,0.6796342144154335,0.6796342144154335,0.5459085648496087,0.5459085648496087,26.24631565473752,33.272684413382564,32.7237663827253,33.953799526917955,36.226270397407085,0.6853690478499801,0.6853690478499801,0.5377401149558134,0.5377401149558134,26.348427131452546,33.27117008783326,32.7237663827253,34.896324378566895,35.161776807880976,0.5246443261209155,0.5246443261209155,1.2081440940060675,1.2081440940060675,24.222453272082916,34.344739057076325,33.66098787719973,34.87507828602143,35.15487604253683,0.5154055762992331,0.5154055762992331,1.2235027638525293,1.2235027638525293,23.978121934332407,34.34418570972188,33.66098787719973
599,25.776648762606253,25.823351237393737,0.577664876260626,0.08766487626062601,8.766487626062602,1.055532975252125,1.3,0.46570689185333625,0.46570689185333625,0.6634578882186364,0.6494206077977684,0.6634578882186364,34.71790379052547,36.19968824290662,20.335952758105126,1.419881739070128,0.465742234820612,24.7391633413172,143.5596687057789,-24.980240894768894,-32.46730146337538,4.0513862663515,-12.605792214801857,-54.545718130565184,34.9349818170907,36.536847679617004,0.7470054154979247,0.7470054154979247,0.4603249199150061,0.4603249199150061,22.890250110165162,34.48857992370474,33.90264831398712,34.85398589595029,36.25181195432403,0.8695254646129156,0.8695254646129156,0.7305417137454626,0.7305417137454626,24.266523204168315,34.358031359740245,34.334590710262546,34.72385248209975,36.22723253018707,0.8918833535733195,0.8918833535733195,0.4201387388458282,0.4201387388458282,24.437082403773573,34.21692490808226,34.37931842933295,35.1513087786501,37.72298975862053,0.631531932677412,0.631531932677412,1.8642421967303824,1.8642421967303824,23.939579308357864,34.55091666248571,34.551184467971574,34.219597399864654,35.926700354760314,0.5030748229764357,0.5030748229764357,1.628260515170996,1.628260515170996,25.51307693423368,33.83959507781169,33.723483134396794,34.22490694680327,35.92631175766146,0.5066876861540597,0.5066876861540597,1.6222967943171316,1.6222967943171316,25.61033027955481,33.838064423217766,33.723483134396794,33.53189474826342,35.11609528079633,0.7174627957885882,0.7174627957885882,2.7528244535957214,2.7528244535957214,25.271837058355803,33.02940269977617,32.898792279634215,33.53701786930326,35.114651337389965,0.7243146377034799,0.7243146377034799,2.738761170473785,2.738761170473785,25.37451228633174,33.02601498120972,32.898792279634215,35.31321300154635,35.49126803273932,0.5463364090018352,0.5463364090018352,0.8168722829845574,0.8168722829845574,23.64021229477591,34.87524793539676,34.10254935308619,35.31565214087622,35.49206682567701,0.5487120473296168,0.5487120473296168,0.8134189707305897,0.8134189707305897,23.769983631969765,34.873733564229966,34.10254935308619,34.99643630721016,36.673288031221745,0.4968471233323659,0.4968471233323659,1.3515591926540713,1.3515591926540713,24.570304814481204,34.57569253998987,34.04578332065087,35.00024502819789,36.67315099068228,0.49901208365699645,0.49901208365699645,1.347678592821767,1.347678592821767,24.683413523736604,34.57475387775875,34.04578332065087,33.9655757129422,36.22904909431692,0.6884336393049835,0.6884336393049835,0.5248984334783124,0.5248984334783124,26.2448692877974,33.272684413382564,32.7237663827253,33.97468179368972,36.22873299902408,0.6942445620425026,0.6942445620425026,0.5166570167991744,0.5166570167991744,26.34702236330778,33.27117008783326,32.7237663827253,34.913030218075974,35.18737220714261,0.5340594373055372,0.5340594373055372,1.1886417199480233,1.1886417199480233,24.217102074254782,34.344739057076325,33.66098787719973,34.89125590239608,35.17951030359491,0.5247551658500997,0.5247551658500997,1.2040304275329021,1.2040304275329021,23.972411579297017,34.34418570972188,33.66098787719973
659,25.776648762606253,25.823351237393737,0.577664876260626,0.08766487626062601,8.766487626062602,1.055532975252125,1.3,0.43745736420363474,0.43745736420363474,0.6752684313682362,0.6599322630157658,0.6752684313682362,34.73171985166858,36.20195978402611,20.335952758105126,1.419881739070128,0.465742234820612,24.736501607298845,143.5596687057789,-25.015202194352177,-32.51385342473271,4.0513862663515,-12.607638521241446,-55.30932540652771,34.94477306517507,36.539244968626775,0.7613322623157854,0.7613322623157854,0.4374821273990306,0.4374821273990306,22.886820789600378,34.48857992370474,33.90264831398712,34.87315289306176,36.254130912128645,0.8947616138128032,0.8947616138128032,0.6908404195872255,0.6908404195872255,24.26233752581029,34.358031359740245,34.334590710262546,34.7441269765253,36.229614819928614,0.9176926828278691,0.9176926828278691,0.37696385695352674,0.37696385695352674,24.43264442459062,34.21692490808226,34.37931842933295,35.170506314027534,37.72420905129864,0.6462160225947318,0.6462160225947318,1.8394243320721868,1.8394243320721868,23.93438511185757,34.55091666248571,34.551184467971574,34.22005896842478,35.929161675163385,0.5065042252200667,0.5065042252200667,1.6163638208521416,1.6163638208521416,25.513031876793654,33.83959507781169,33.723483134396794,34.22550415768338,35.928805693894176,0.5101388998242782,0.5101388998242782,1.6103666379780237,1.6103666379780237,25.610274832917725,33.838064423217766,33.723483134396794,33.537787518882205,35.120096323859066,0.7253085771208005,0.7253085771208005,2.7505168328721568,2.7505168328721568,25.27094738918582,33.02940269977617,32.898792279634215,33.54312423154456,35.11870733112387,0.732289764888503,0.732289764888503,2.7361419767993773,2.7361419767993773,25.373614649259373,33.02601498120972,32.898792279634215,35.322888876861896,35.511490342283345,0.5568467465444331,0.5568467465444331,0.795396502793488,0.795396502793488,23.637156789605385,34.87524793539676,34.10254935308619,35.32537564943418,35.51246923767988,0.559245384719905,0.559245384719905,0.7919246817248409,0.7919246817248409,23.766971842120377,34.873733564229966,34.10254935308619,35.00627063964345,36.67470480733053,0.5024097890684232,0.5024097890684232,1.341589513349334,1.341589513349334,24.567888652888275,34.57569253998987,34.04578332065087,35.01019130550403,36.674572989378035,0.5045704820303101,0.5045704820303101,1.3377181304562447,1.3377181304562447,24.68101622514548,34.57475387775875,34.04578332065087,33.98221834097714,36.231694814811554,0.6961424697871843,0.6961424697871843,0.506231516745294,0.506231516745294,26.2436955738284,33.272684413382564,32.7237663827253,33.99164401253858,36.23140330153088,0.7020206412958729,0.7020206412958729,0.4979261082583468,0.4979261082583468,26.34588117940515,33.27117008783326,32.7237663827253,34.927861789250564,35.21205133373358,0.5429272205342386,0.5429272205342386,1.1704768640765588,1.1704768640765588,24.21235207410261,34.344739057076325,33.66098787719973,34.9056568890889,35.2032691539045,0.5335673215206649,0.5335673215206649,1.1858851240493182,1.1858851240493182,23.96732922542537,34.34418570972188,33.66098787719973
719,25.776648762606253,25.823351237393737,0.577664876260626,0.08766487626062601,8.766487626062602,1.055532975252125,1.3,0.41136832236197557,0.41136832236197557,0.6861311281919404,0.6695225813348422,0.6861311281919404,34.74402889479198,36.20410441271706,20.335952758105126,1.419881739070128,0.465742234820612,24.73410081600581,143.5596687057789,-25.04557942211416,-32.55477456797282,4.0513862663515,-12.609448748537762,-56.05597933557491,34.95374104411163,36.541672244391876,0.7745611710393696,0.7745611710393696,0.4165775621107164,0.4165775621107164,22.883679843061902,34.48857992370474,33.90264831398712,34.8918426196006,36.25640368611994,0.9188895776216164,0.9188895776216164,0.6530279170177855,0.6530279170177855,24.258255651529765,34.358031359740245,34.334590710262546,34.763758772112766,36.23191919769766,0.9422587042175095,0.9422587042175095,0.3362663874440206,0.3362663874440206,24.428346891156195,34.21692490808226,34.37931842933295,35.18898398691136,37.72548235233131,0.6602073558164556,0.6602073558164556,1.815622032682108,1.815622032682108,23.92938568713786,34.55091666248571,34.551184467971574,34.21887384066005,35.931798859967735,0.5094442906653756,0.5094442906653756,1.6057903162929787,1.6057903162929787,25.51313800797849,33.83959507781169,33.723483134396794,34.22443253563404,35.93147851582872,0.5131102788655322,0.5131102788655322,1.5997443491897707,1.5997443491897707,25.61036715582051,33.838064423217766,33.723483134396794,33.54150643643014,35.12440426016458,0.7316149868914632,0.7316149868914632,2.7501730810475853,2.7501730810475853,25.270384986717776,33.02940269977617,32.898792279634215,33.547028688801994,35.12307557046406,0.7387119013221177,0.7387119013221177,2.73551957096618,2.73551957096618,25.373039820777187,33.02601498120972,32.898792279634215,35.33169574863456,35.5300717868025,0.5665624492417165,0.5665624492417165,0.7757019732159611,0.7757019732159611,23.63437592756842,34.87524793539676,34.10254935308619,35.33421949459602,35.53121136444444,0.5689787461286091,0.5689787461286091,0.7722177926386304,0.7722177926386304,23.76423274606157,34.873733564229966,34.10254935308619,35.01443336271624,36.676188461332615,0.5075829991442684,0.5075829991442684,1.3323217050700475,1.3323217050700475,24.56588314561204,34.57569253998987,34.04578332065087,35.01844565102984,36.67606253525562,0.5097393055364843,0.5097393055364843,1.328459970259019,1.328459970259019,24.67902668572335,34.57475387775875,34.04578332065087,33.995628238242226,36.234535732322826,0.7028998599826091,0.7028998599826091,0.4896230464053368,0.4896230464053368,26.24274972977436,33.272684413382564,32.7237663827253,34.00532990643162,36.23427179099657,0.7088378576982226,0.7088378576982226,0.48126101753118977,0.48126101753118977,26.34496031080011,33.27117008783326,32.7237663827253,34.94115730279802,35.23569504537133,0.5512394854035318,0.5512394854035318,1.1536127173520658,1.1536127173520658,24.208094645790005,34.344739057076325,33.66098787719973,34.91859986087355,35.226039988550646,0.5418322922664722,0.5418322922664722,1.1690325588407096,1.1690325588407096,23.962762096969342,34.34418570972188,33.66098787719973
779,25.776648762606253,25.823351237393737,0.577664876260626,0.08766487626062601,8.766487626062602,1.055532975252125,1.3,0.38728415117169734,0.38728415117169734,0.6961124630298496,0.678277080867721,0.6961124630298496,34.75505302825535,36.20614204582136,20.335952758105126,1.419881739070128,0.465742234820612,24.73192592658532,143.5596687057789,-25.0720927080364,-32.59091680429826,4.0513862663515,-12.611202826293727,-56.77874840328268,34.96195866103544,36.54408152701207,0.7867590585312909,0.7867590585312909,0.39745170348713543,0.39745170348713543,22.88080172472931,34.48857992370474,33.90264831398712,34.909960977403486,36.258605441717165,0.9418556545616767,0.9418556545616767,0.6171530671625662,0.6171530671625662,24.254298210951923,34.358031359740245,34.334590710262546,34.782704998823434,36.234131912933535,0.9655676281195711,0.9655676281195711,0.29798407956954565,0.29798407956954565,24.42419921010347,34.21692490808226,34.37931842933295,35.20674900689421,37.72680095194216,0.6734714978150755,0.6734714978150755,1.7929322344620318,1.7929322344620318,23.92457892970368,34.55091666248571,34.551184467971574,34.216454045255155,35.93458664056278,0.5118617211968943,0.5118617211968943,1.5965562527145407,1.5965562527145407,25.51335753733681,33.83959507781169,33.723483134396794,34.22210867811648,35.93430463157409,0.5155556265135011,0.5155556265135011,1.5904673481606215,1.5904673481606215,25.610570397645844,33.838064423217766,33.723483134396794,33.543530574213406,35.12897972780202,0.7366630614418184,0.7366630614418184,2.751329219669076,2.751329219669076,25.270077770303317,33.02940269977617,32.898792279634215,33.549215808136445,35.12771617914213,0.7438646629557524,0.7438646629557524,2.736423875564908,2.736423875564908,25.372716802147707,33.02601498120972,32.898792279634215,35.339744537436246,35.5471268809103,0.5755391360755979,0.5755391360755979,0.7576391098205579,0.7576391098205579,23.6318345864178,34.87524793539676,34.10254935308619,35.34229680871407,35.54840895775701,0.5779688318341081,0.5779688318341081,0.754147297414896,0.754147297414896,23.761731206897352,34.873733564229966,34.10254935308619,35.02120271356879,36.67773615443485,0.5123876888057532,0.5123876888057532,1.3237181244935927,1.3237181244935927,24.56421995988103,34.57569253998987,34.04578332065087,35.02528964010397,36.67761675705027,0.5145396000000813,0.5145396000000813,1.3198661924994881,1.3198661924994881,24.67737706508159,34.57475387775875,34.04578332065087,34.00634686764287,36.237560215713,0.7088282764215683,0.7088282764215683,0.47482923976126346,0.47482923976126346,26.241993599766523,33.272684413382564,32.7237663827253,34.01628773147103,36.237326677333314,0.7148198337945777,0.7148198337945777,0.46641667045841095,0.46641667045841095,26.344222900598577,33.27117008783326,32.7237663827253,34.9531731739876,35.25823933574653,0.559008053363887,0.559008053363887,1.1379871197844784,1.1379871197844784,24.204247456545588,34.344739057076325,33.66098787719973,34.93032587202169,35.24776249535089,0.549560697959619,0.549560697959619,1.1534123348913172,1.1534123348913172,23.958624895592074,34.34418570972188,33.66098787719973
839,25.776648762606253,25.823351237393737,0.577664876260626,0.08766487626062601,8.766487626062602,1.055532975252125,1.3,0.3649959968346724,0.3649959968346724,0.7054010302490256,0.686294457327771,0.7054010302490256,34.764970339721145,36.20808838736389,20.335952758105126,1.419881739070128,0.465742234820612,24.729948126034724,143.5596687057789,-25.09533693619935,-32.622983660550915,4.0513862663515,-12.61289356815128,-57.4738838029213,34.96949303711895,36.54644353395245,0.7980014443923809,0.7980014443923809,0.3799329052223621,0.3799329052223621,22.878162935632417,34.48857992370474,33.90264831398712,34.92744139911103,36.260727370401895,0.9636503844980471,0.9636503844980471,0.583193249754459,0.583193249754459,24.250479840635286,34.358031359740245,34.334590710262546,34.80093523872978,36.23625239871906,0.9876410122015895,0.9876410122015895,0.2619569184878736,0.2619569184878736,24.420208092625796,34.21692490808226,34.37931842933295,35.223790575938146,37.728157499250855,0.6860080270138189,0.6860080270138189,1.7713875355360285,1.7713875355360285,23.919967733697117,34.55091666248571,34.551184467971574,34.21312885138745,35.93750008663001,0.5138406787929797,0.5138406787929797,1.5884204568387075,1.5884204568387075,25.513660256308842,33.83959507781169,33.723483134396794,34.21886540885638,35.93725878811035,0.517559674147297,0.517559674147297,1.5822934372418942,1.5822934372418942,25.61085510974496,33.838064423217766,33.723483134396794,33.544246311175726,35.133783576612416,0.7406846052172251,0.7406846052172251,2.7537520578060057,2.7537520578060057,25.26996759404642,33.02940269977617,32.898792279634215,33.55007626832197,35.13258949139874,0.7479818262340241,0.7479818262340241,2.738616679086513,2.738616679086513,25.372588339574033,33.02601498120972,32.898792279634215,35.347123251659966,35.56277274832225,0.5838336633710508,0.5838336633710508,0.7410018078317653,0.7410018078317653,23.629504923373396,34.87524793539676,34.10254935308619,35.34969728285812,35.56418055466546,0.5862733291212052,0.5862733291212052,0.7375061207445315,0.7375061207445315,23.75943939231579,34.873733564229966,34.10254935308619,35.02681442913202,36.679344536574504,0.5168488346668898,0.5168488346668898,1.3157337062878522,1.3157337062878522,24.562841194577075,34.57569253998987,34.04578332065087,35.030961831324234,36.679232267025064,0.5189964124861848,0.5189964124861848,1.3118915458269143,1.3118915458269143,24.67600988094528,34.57475387775875,34.04578332065087,34.01483194784416,36.24075509544588,0.7140350890345846,0.7140350890345846,0.4615559877177653,0.4615559877177653,26.24139492535251,33.272684413382564,32.7237663827253,34.024980888341176,36.24055461238549,0.7200748723972108,0.7200748723972108,0.45309816679378145,0.45309816679378145,26.343637792669334,33.27117008783326,32.7237663827253,34.96410686366767,35.2796585370648,0.5662570214147684,0.5662570214147684,1.1234859907288728,1.1234859907288728,24.200747119401555,34.344739057076325,33.66098787719973,34.94102035122595,35.26841261753004,0.5567757058552418,0.5567757058552418,1.138911284534434,1.138911284534434,23.954852024043518,34.34418570972188,33.66098787719973
899,25.776648762606253,25.823351237393737,0.577664876260626,0.08766487626062601,8.766487626062602,1.055532975252125,1.3,0.34435959200721317,0.34435959200721317,0.7140286150935437,0.6936220642565512,0.7140286150935437,34.77392779328307,36.20995549278723,20.335952758105126,1.419881739070128,0.465742234820612,24.72814309964615,143.5596687057789,-25.115807572396474,-32.65156322715488,4.0513862663515,-12.614520555520484,-58.13979826552412,34.97640755687417,36.54874143458985,0.8083672958907284,0.8083672958907284,0.3638688986461722,0.3638688986461722,22.875741287662,34.48857992370474,33.90264831398712,34.94424497186977,36.26276906741198,0.9842953327731059,0.9842953327731059,0.5510954245423245,0.5510954245423245,24.246809128995768,34.358031359740245,34.334590710262546,34.818435062640845,36.23828595925592,1.008522905023868,1.008522905023868,0.22807325907817355,0.22807325907817355,24.416376753039145,34.21692490808226,34.37931842933295,35.24009949607632,37.72954572703939,0.6978379668192125,0.6978379668192125,1.7509776661891303,1.7509776661891303,23.9155546163597,34.55091666248571,34.551184467971574,34.209157205910245,35.94051518273709,0.5154513955407256,0.5154513955407256,1.5812477927316335,1.5812477927316335,25.514022402054692,33.83959507781169,33.723483134396794,34.214964439644675,35.94031665552102,0.5191930959671502,0.5191930959671502,1.5750866472426028,1.5750866472426028,25.611198129802382,33.838064423217766,33.723483134396794,33.54396174362418,35.13877782197362,0.7437599000203607,0.7437599000203607,2.757332106160451,2.757332106160451,25.270008084618162,33.02940269977617,32.898792279634215,33.549921535802106,35.13765701818811,0.7511647358616633,0.7511647358616633,2.741944481166332,2.741944481166332,25.372608779888203,33.02601498120972,32.898792279634215,35.35390494681677,35.577123638263416,0.5915025542886836,0.5915025542886836,0.72567137038492,0.72567137038492,23.627363840750633,34.87524793539676,34.10254935308619,35.35649526979724,35.57864187654841,0.5939494076823899,0.5939494076823899,0.7221747441569362,0.7221747441569362,23.7573342440461,34.873733564229966,34.10254935308619,35.03146699306891,36.68100990546065,0.5209928155452359,0.5209928155452359,1.3083207833146795,1.3083207833146795,24.56169809370715,34.57569253998987,34.04578332065087,35.03566308440356,36.68090532173478,0.52313615946463,0.52313615946463,1.3044882509859024,1.3044882509859024,24.67487672996187,34.57475387775875,34.04578332065087,34.02146787431021,36.24410623760431,0.7186139699448293,0.7186139699448293,0.44963525285691164,0.44963525285691164,26.240926612982733,33.272684413382564,32.7237663827253,34.03179852499447,36.2439412712428,0.7246973990309362,0.7246973990309362,0.4411366182972938,0.4411366182972938,26.34317882062062,33.27117008783326,32.7237663827253,34.974112711641155,35.29995348305358,0.5730170886114969,0.5730170886114969,1.1100341187951541,1.1100341187951541,24.197544101770895,34.344739057076325,33.66098787719973,34.950828213652635,35.28799129745235,0.563507280804163,0.563507280804163,1.1254551135470179,1.1254551135470179,23.95139223041649,34.34418570972188,33.66098787719973
959,25.776648762606253,25.823351237393737,0.577664876260626,0.08766487626062601,8.766487626062602,1.055532975252125,1.3,0.3111881797982381,0.3111881797982381,0.7418593854182268,0.7043732210062609,0.7418593854182268,34.78212668103215,36.21175882882451,20.335952758105126,1.419881739070128,0.465742234820612,24.726462054115586,143.5596687057789,-25.13416348817336,-32.67745345240115,4.0513862663515,-12.616086930691587,-58.714164744893914,34.98387139490372,36.55096683361058,0.8246131430317414,0.8246131430317414,0.3376610554178505,0.3376610554178505,22.87314498796689,34.48857992370474,33.90264831398712,34.96035737301732,36.26473458588693,1.0071732534183635,1.0071732534183635,0.5142814974767989,0.5142814974767989,24.243289300844992,34.358031359740245,34.334590710262546,34.83520579877829,36.240240451977016,1.0316119442972775,1.0316119442972775,0.1826322034078791,0.1826322034078791,24.412704967710383,34.21692490808226,34.37931842933295,35.255677068192625,37.73096028480607,0.7123302372495033,0.7123302372495033,1.72588096808789,1.72588096808789,23.911339300785677,34.55091666248571,34.551184467971574,34.20473792268625,35.94360923979116,0.5200726802004119,0.5200726802004119,1.5591180389417247,1.5591180389417247,25.514425713245203,33.83959507781169,33.723483134396794,34.210606733045886,35.94345524361565,0.5238350311412026,0.5238350311412026,1.552934669039029,1.552934669039029,25.61158165584954,33.838064423217766,33.723483134396794,33.54291844305831,35.14392632077366,0.749481189011346,0.749481189011346,2.7774203443333323,2.7774203443333323,25.27016285800822,33.02940269977617,32.898792279634215,33.54899582689121,35.14288213159741,0.7569659714131389,0.7569659714131389,2.761778732855632,2.761778732855632,25.372742304011904,33.02601498120972,32.898792279634215,35.36015251289912,35.5902882052409,0.601928997022966,0.601928997022966,0.696974047478311,0.696974047478311,23.625391473743793,34.87524793539676,34.10254935308619,35.36275466865315,35.5919030352306,0.6043807591471722,0.6043807591471722,0.6934929620458723,0.6934929620458723,23.75539596425083,34.873733564229966,34.10254935308619,35.03532603553228,36.68272833870391,0.5281718230550068,0.5281718230550068,1.2954884631255963,1.2954884631255963,24.56074995939155,34.57569253998987,34.04578332065087,35.039561019453394,36.68263195555184,0.5303110176757797,0.5303110176757797,1.2916673025332766,1.2916673025332766,24.67393720693206,34.57475387775875,34.04578332065087,34.02657456940498,36.24759900419037,0.7259686388213491,0.7259686388213491,0.42176918543866204,0.42176918543866204,26.240566105713018,33.272684413382564,32.7237663827253,34.03706453564426,36.2474718183085,0.7320917323954217,0.7320917323954217,0.41327128056898466,0.41327128056898466,26.342824198390446,33.27117008783326,32.7237663827253,34.983313158608794,35.31914313420106,0.5826500374866441,0.5826500374866441,1.086577259694974,1.086577259694974,24.194599120813148,34.344739057076325,33.66098787719973,34.95986452808709,35.30651654372823,0.573116721723796,0.573116721723796,1.101930408468153,1.101930408468153,23.94820483250499,34.34418570972188,33.66098787719973
1019,25.776648762606253,25.823351237393737,0.577664876260626,0.08766487626062601,8.766487626062602,1.055532975252125,1.3,0.27943330994874643,0.27943330994874643,0.7560792801175572,0.7178285040011635,0.7560792801175572,34.78981622514736,36.213540399264765,20.335952758105126,1.419881739070128,0.465742234820612,24.7248315471178,143.5596687057789,-25.151230721829997,-32.70166864192379,4.0513862663515,-12.617603930475793,-59.23856350889386,34.99396169755728,36.55312295847993,0.8455492384216274,0.8455492384216274,0.3060382453151482,0.3060382453151482,22.86962664186374,34.48857992370474,33.90264831398712,34.97579798553092,36.26663826863259,1.0317306409511509,1.0317306409511509,0.4759843026440893,0.4759843026440893,24.239916244511882,34.358031359740245,34.334590710262546,34.85127297763084,36.24213368912984,1.0563632394280988,1.0563632394280988,0.14112098072691825,0.14112098072691825,24.409187239219815,34.21692490808226,34.37931842933295,35.270550631889144,37.73239768284038,0.7289010061867165,0.7289010061867165,1.697074348159432,1.697074348159432,23.907314521793513,34.55091666248571,34.551184467971574,34.2000083565408,35.946761400654715,0.5270839925869426,0.5270839925869426,1.5402138846222009,1.5402138846222009,25.51485755598266,33.83959507781169,33.723483134396794,34.205931291327765,35.94665341086582,0.530865171957696,0.530865171957696,1.5340055509720028,1.5340055509720028,25.611993357523442,33.838064423217766,33.723483134396794,33.541292071411284,35.14919540187474,0.7573238059926117,0.7573238059926117,2.7772779914833734,2.7772779914833734,25.27040543050186,33.02940269977617,32.898792279634215,33.54747687063512,35.148230700786186,0.7648833985649826,0.7648833985649826,2.761430571849492,2.761430571849492,25.372962818614443,33.02601498120972,32.898792279634215,35.36592832025121,35.60236860328744,0.6145197102167055,0.6145197102167055,0.6721763593215151,0.6721763593215151,23.62356817782698,34.87524793539676,34.10254935308619,35.36853861424067,35.60406758198134,0.6169744784035536,0.6169744784035536,0.6687045981438033,0.6687045981438033,23.753605047049298,34.873733564229966,34.10254935308619,35.03852694359062,36.68449588781038,0.5377609608118545,0.5377609608118545,1.2783699529318537,1.2783699529318537,24.559963526033876,34.57569253998987,34.04578332065087,35.04279265722444,36.684408175778394,0.5398960133697259,0.5398960133697259,1.274562198774925,1.274562198774925,24.673158283651233,34.57475387775875,34.04578332065087,34.03040850065391,36.25121866052565,0.7355033163362621,0.7355033163362621,0.3996554658236562,0.3996554658236562,26.240295312334055,33.272684413382564,32.7237663827253,34.04103868580896,36.2511313192108,0.7416625587068459,0.7416625587068459,0.39114070380417276,0.39114070380417276,26.342556445451915,33.27117008783326,32.7237663827253,34.99181021478424,35.33725887086528,0.5945459964874851,0.5945459964874851,1.0635210007507598,1.0635210007507598,24.191879491376643,34.344739057076325,33.66098787719973,34.968225689618414,35.32401805947809,0.5849939717146451,0.5849939717146451,1.0788231089357672,1.0788231089357672,23.94525579817601,34.34418570972188,33.66098787719973
1079,25.776648762606253,25.823351237393737,0.577664876260626,0.08766487626062601,8.766487626062602,1.055532975252125,1.3,0.2473526852354507,0.2473526852354507,0.7705428946693194,0.7316760592774505,0.7705428946693194,34.79698507246245,36.2153016426759,20.335952758105126,1.419881739070128,0.465742234820612,24.72327483075082,143.5596687057789,-25.1669526554853,-32.724135225899246,4.0513862663515,-12.619085532222115,-59.7449418774291,35.00520810687512,36.555220436107334,0.8673206076882662,0.8673206076882662,0.2734591881936028,0.2734591881936028,22.865697394288766,34.48857992370474,33.90264831398712,34.990602163587724,36.26849755176389,1.0560861754733732,1.0560861754733732,0.4380464649656415,0.4380464649656415,24.23668224967498,34.358031359740245,34.334590710262546,34.86667381429428,36.24398532416009,1.0808977773653576,1.0808977773653576,0.10000116258937819,0.10000116258937819,24.405815430256645,34.21692490808226,34.37931842933295,35.28476158533399,37.73385588495063,0.7456492425146988,0.7456492425146988,1.6678565965979888,1.6678565965979888,23.903469092591937,34.55091666248571,34.551184467971574,34.1950699477847,35.949952759605836,0.5345751256767053,0.5345751256767053,1.5204394775050865,1.5204394775050865,25.51530861939781,33.83959507781169,33.723483134396794,34.201040831613454,35.94989198580691,0.5383735255786855,0.5383735255786855,1.5142098361618832,1.5142098361618832,25.612424142144974,33.838064423217766,33.723483134396794,33.53921626732636,35.15455409718248,0.7654260184539883,0.7654260184539883,2.7767408989687214,2.7767408989687214,25.270715683920624,33.02940269977617,32.898792279634215,33.54549993319336,35.1536713263243,0.7730559547199798,0.7730559547199798,2.76069656478351,2.76069656478351,25.373250493726285,33.02601498120972,32.898792279634215,35.37129155787055,35.61346072289733,0.6273798630255314,0.6273798630255314,0.6470444152672619,0.6470444152672619,23.62187523247714,34.87524793539676,34.10254935308619,35.37390689476301,35.61523271668972,0.6298360356143267,0.6298360356143267,0.6435837341673132,0.6435837341673132,23.751942944415134,34.873733564229966,34.10254935308619,35.04118365446914,36.686308669138675,0.5478351841235596,0.5478351841235596,1.2604160795720882,1.2604160795720882,24.559310804878645,34.57569253998987,34.04578332065087,35.0454732829532,36.68623005448436,0.5499660890773659,0.5499660890773659,1.2566228482547857,1.2566228482547857,24.672512177592548,34.57475387775875,34.04578332065087,34.03318029165708,36.254950682183875,0.745327279356093,0.745327279356093,0.377125175916593,0.377125175916593,26.240099386443728,33.272684413382564,32.7237663827253,34.043934348496954,36.25490505121377,0.7515195593972352,0.7515195593972352,0.3685977049233711,0.3685977049233711,26.342361213694268,33.27117008783326,32.7237663827253,34.99969103776569,35.35434044380784,0.6067912600612968,0.6067912600612968,1.0399999998327263,1.0399999998327263,24.18935726028399,34.344739057076325,33.66098787719973,34.975994507861316,35.34053344945004,0.5972249623616848,0.5972249623616848,1.0552449668689567,1.0552449668689567,23.94251586047099,34.34418570972188,33.66098787719973
1139,25.776648762606253,25.823351237393737,0.577664876260626,0.08766487626062601,8.766487626062602,1.055532975252125,1.3,0.21569832581156287,0.21569832581156287,0.7848979486942248,0.7455124933370385,0.7848979486942248,34.803655498502785,36.21703243908851,20.335952758105126,1.419881739070128,0.465742234820612,24.721799812813764,143.5596687057789,-25.181379487958402,-32.74491392662818,4.0513862663515,-12.62053790076682,-60.23438681890269,35.016839016592684,36.55726673422313,0.8892344253416651,0.8892344253416651,0.24094031555267836,0.24094031555267836,22.86163067668255,34.48857992370474,33.90264831398712,35.00480419959848,36.270320041575474,1.0799302003361433,1.0799302003361433,0.4009537560924934,0.4009537560924934,24.233579822868794,34.358031359740245,34.334590710262546,34.8814444495811,36.24580303219055,1.1049077080161926,1.1049077080161926,0.05985101247689162,0.05985101247689162,24.402581626969152,34.21692490808226,34.37931842933295,35.29834968984903,37.73533254106418,0.7622442521676507,0.7622442521676507,1.6388203074291285,1.6388203074291285,23.89979224988907,34.55091666248571,34.551184467971574,34.189998462359405,35.95316605701827,0.5422044015098106,0.5422044015098106,1.5005425429342047,1.5005425429342047,25.515771943176553,33.83959507781169,33.723483134396794,34.19601212048161,35.95315346264423,0.5460185885170934,0.5460185885170934,1.4942947788670247,1.4942947788670247,25.612867208428128,33.838064423217766,33.723483134396794,33.53679414543313,35.159973973267896,0.7734856240232872,0.7734856240232872,2.7760413419212298,2.7760413419212298,25.27107808790229,33.02940269977617,32.898792279634215,33.54316941988253,35.15917517346168,0.781181978021253,0.781181978021253,2.7598091923785577,2.7598091923785577,25.373590016453324,33.02601498120972,32.898792279634215,35.37628874891311,35.623654055994216,0.6401831859723837,0.6401831859723837,0.6222040877304629,0.6222040877304629,23.62029791109579,34.87524793539676,34.10254935308619,35.37890651947522,35.625489138602916,0.6426394094174634,0.6426394094174634,0.6187555866506427,0.6187555866506427,23.750395060912695,34.873733564229966,34.10254935308619,35.04338984591099,36.688162802467915,0.5580410576687433,0.5580410576687433,1.2422634355830178,1.2422634355830178,24.558768773571934,34.57569253998987,34.04578332065087,35.04769769497438,36.68809366775642,0.5601677988121523,0.5601677988121523,1.2384855935741375,1.2384855935741375,24.67197603319859,34.57475387775875,34.04578332065087,34.03506454463283,36.258780907648,0.7551182195847788,0.7551182195847788,0.35484105230711105,0.35484105230711105,26.239966018608044,33.272684413382564,32.7237663827253,34.045928427491326,36.25877865850947,0.7613407664319713,0.7613407664319713,0.3463036494051186,0.3463036494051186,26.342226605351218,33.27117008783326,32.7237663827253,35.007025259461244,35.37043265846969,0.6190430436641794,0.6190430436641794,1.0166573592560617,1.0166573592560617,24.187010084523415,34.344739057076325,33.66098787719973,34.9832371702574,35.35610509577164,0.60946657135373,0.60946657135373,1.0318419671519659,1.0318419671519659,23.939961615140845,34.34418570972188,33.66098787719973
1199,25.776648762606253,25.823351237393737,0.577664876260626,0.08766487626062601,8.766487626062602,1.055532975252125,1.3,0.18484055851541803,0.18484055851541803,0.7989635496978754,0.7591281232113651,0.7989635496978754,34.80986540519081,36.21872640299348,20.335952758105126,1.419881739070128,0.465742234820612,24.72040564490181,143.5596687057789,-25.194615345457123,-32.76413344207592,4.0513862663515,-12.621962325786905,-60.707929723596415,35.02849210198335,36.55926614567884,0.9109240697453878,0.9109240697453878,0.20899297154213725,0.20899297154213725,22.85755475176005,34.48857992370474,33.90264831398712,35.01843598679916,36.272107301285445,1.103111090655494,1.103111090655494,0.36493889495493637,0.36493889495493637,24.23060199214692,34.358031359740245,34.334590710262546,34.895618809424505,36.24758770351369,1.1282430806076587,1.1282430806076587,0.0209429546246116,0.0209429546246116,24.399478397918287,34.21692490808226,34.37931842933295,35.311351690768035,37.73682497954285,0.7785138309332136,0.7785138309332136,1.610284049147904,1.610284049147904,23.896274043385887,34.55091666248571,34.551184467971574,34.18484950625705,35.95638565787225,0.5497904937779734,0.5497904937779734,1.4809148092286106,1.4809148092286106,25.516242419767508,33.83959507781169,33.723483134396794,34.190901553939746,35.95642197996506,0.5536191839409161,0.5536191839409161,1.4746516648663623,1.4746516648663623,25.61331756059749,33.838064423217766,33.723483134396794,33.53410470262876,35.16542913592368,0.7813520610474636,0.7813520610474636,2.7752987803406204,2.7752987803406204,25.271480746371232,33.02940269977617,32.898792279634215,33.54056535734387,35.164715977168115,0.7891113507178451,0.7891113507178451,2.7588875847797754,2.7588875847797754,25.373969651293883,33.02601498120972,32.898792279634215,35.38095745015898,35.63303132225462,0.6527603830783435,0.6527603830783435,0.5979665993412338,0.5979665993412338,23.618824335158692,34.87524793539676,34.10254935308619,35.38357544790963,35.63492066851503,0.6552155137316107,0.6552155137316107,0.5945309866506348,0.5945309866506348,23.748949620555365,34.873733564229966,34.10254935308619,35.04522212055886,36.690054445030064,0.5681884266583581,0.5681884266583581,1.224254138723004,1.224254138723004,24.558318608132236,34.57569253998987,34.04578332065087,35.04954342939214,36.68999513024619,0.5703109867640261,0.5703109867640261,1.220492323617303,1.220492323617303,24.671531158730538,34.57475387775875,34.04578332065087,34.03620577449521,36.262695667088046,0.7647120830213701,0.7647120830213701,0.3331311007725699,0.3331311007725699,26.23988502139021,33.272684413382564,32.7237663827253,34.047167368640935,36.26273828294923,0.7709624202516765,0.7709624202516765,0.32458574937950524,0.32458574937950524,26.34214277193696,33.27117008783326,32.7237663827253,35.01386896036298,35.38558305393206,0.6311198056155529,0.6311198056155529,0.9938198460357559,0.9938198460357559,24.184819976565354,34.344739057076325,33.66098787719973,34.99000698489898,35.370777973509234,0.6215369069688901,0.6215369069688901,1.0089424838487084,1.0089424838487084,23.93757421974434,34.34418570972188,33.66098787719973
1259,25.776648762606253,25.823351237393737,0.577664876260626,0.08766487626062601,8.766487626062602,1.055532975252125,1.3,0.15495339292154867,0.15495339292154867,0.8126485601825969,0.7724149738496693,0.8126485601825969,34.81565518843515,36.220379935560196,20.335952758105126,1.419881739070128,0.465742234820612,24.71908829029591,143.5596687057789,-25.206774627102114,-32.7819358628737,4.0513862663515,-12.623358105949118,-61.16641924640552,35.03998895512128,36.5612209225208,0.932194285675096,0.932194285675096,0.17786938064875768,0.17786938064875768,22.85353273861862,34.48857992370474,33.90264831398712,35.03152662739398,36.27385843694165,1.1255591772897713,1.1255591772897713,0.3301045756219345,0.3301045756219345,24.227742394137756,34.358031359740245,34.334590710262546,34.90922820682964,36.24933776951887,1.1508358847668485,1.1508358847668485,-0.016607278986304763,-0.016607278986304763,24.39649888252911,34.21692490808226,34.37931842933295,35.323800968071055,37.73833040163414,0.7943690402042272,0.7943690402042272,1.5824197609079942,1.5824197609079942,23.892905431987497,34.55091666248571,34.551184467971574,34.17966451694045,35.95959753401811,0.5572370518142646,0.5572370518142646,1.4617598616487926,1.4617598616487926,25.516716244198804,33.83959507781169,33.723483134396794,34.185751200013854,35.95968330269822,0.5610790906384593,0.5610790906384593,1.4554836874077883,1.4554836874077883,25.613771473242984,33.838064423217766,33.723483134396794,33.53120927104707,35.17089620009335,0.7889532090482039,0.7889532090482039,2.774573808877043,2.774573808877043,25.27191442571693,33.02940269977617,32.898792279634215,33.53774990590394,35.1702700117255,0.7967723196564571,0.7967723196564571,2.7579918032248694,2.7579918032248694,25.374380285052602,33.02601498120972,32.898792279634215,35.385329225153264,35.64166830409357,0.6650247055896554,0.6650247055896554,0.5744803363778801,0.5744803363778801,23.617444526793477,34.87524793539676,34.10254935308619,35.38794558444528,35.64360408564596,0.6674777799664415,0.6674777799664415,0.5710580693979648,0.5710580693979648,23.747596730850297,34.873733564229966,34.10254935308619,35.04674356746515,36.69197983288678,0.5781739493170348,0.5781739493170348,1.2065733514169366,1.2065733514169366,24.55794480707962,34.57569253998987,34.04578332065087,35.051074355749435,36.69193063692756,0.5802923163281277,0.5802923163281277,1.2028280005914902,1.2028280005914902,24.671162158779637,34.57475387775875,34.04578332065087,34.036724323638026,36.26668188015022,0.7740277225406409,0.7740277225406409,0.31214987892201074,0.31214987892201074,26.239847912268267,33.272684413382564,32.7237663827253,34.04777313973865,36.26677066323953,0.7803036296920594,0.7803036296920594,0.3035980771021931,0.3035980771021931,26.34210151197719,33.27117008783326,32.7237663827253,35.02026840934463,35.39984022942037,0.642925448386396,0.642925448386396,0.9716490219948655,0.9716490219948655,24.182772101552843,34.344739057076325,33.66098787719973,34.996347942095014,35.38459807260859,0.6333395193753661,0.6333395193753661,0.9867090176277862,0.9867090176277862,23.935338131276637,34.34418570972188,33.66098787719973
1319,25.776648762606253,25.823351237393737,0.577664876260626,0.08766487626062601,8.766487626062602,1.055532975252125,1.3,0.12610683775170575,0.12610683775170575,0.8259101578081682,0.7853213530727673,0.8259101578081682,34.821063076864824,36.221991189828145,20.335952758105126,1.419881739070128,0.465742234820612,24.717842732113333,143.5596687057789,-25.217966531795092,-32.7984572155552,4.0513862663515,-12.624723976103303,-61.610529298610246,35.051239389092466,36.56313207154608,0.9529398480456868,0.9529398480456868,0.14768975336361878,0.14768975336361878,22.849596534715392,34.48857992370474,33.90264831398712,35.04410242936627,36.27557186680609,1.1472469613186669,1.1472469613186669,0.2964873141938291,0.2964873141938291,24.22499527604531,34.358031359740245,34.334590710262546,34.922301289934296,36.25105117941198,1.172660312252451,1.172660312252451,-0.05276388622987804,-0.05276388622987804,24.39363680360109,34.21692490808226,34.37931842933295,35.335727547759824,37.73984600485363,0.8097646295107999,0.8097646295107999,1.5553206421245807,1.5553206421245807,23.889678282279913,34.55091666248571,34.551184467971574,34.17447496317636,35.962789207655774,0.5644924677494254,0.5644924677494254,1.4431816713896817,1.4431816713896817,25.517190527775718,33.83959507781169,33.723483134396794,34.180593036549396,35.96292476494763,0.5683468135097973,0.5683468135097973,1.436894480137236,1.436894480137236,25.614226115395176,33.838064423217766,33.723483134396794,33.528156214252704,35.17635420381924,0.7962568774155843,0.7962568774155843,2.7738988216142477,2.7738988216142477,25.272371846637764,33.02940269977617,32.898792279634215,33.53477210102173,35.17581600377729,0.8041330005139651,0.8041330005139651,2.7571536576970237,2.7571536576970237,25.374814730588852,33.02601498120972,32.898792279634215,35.38943124384761,35.64963398480022,0.676932588271332,0.676932588271332,0.5518095562436878,0.5518095562436878,23.6161498997497,34.87524793539676,34.10254935308619,35.39204439178046,35.651609271129175,0.6793827989490273,0.6793827989490273,0.5484009191321444,0.5484009191321444,23.746327879207378,34.873733564229966,34.10254935308619,35.048006442351884,36.69393531168144,0.5879402997365482,0.5879402997365482,1.1893227612511017,1.1893227612511017,24.55763453178166,34.57569253998987,34.04578332065087,35.05234338437518,36.693896494120246,0.5900544698376788,0.5900544698376788,1.1855941411843176,1.1855941411843176,24.67085628059739,34.57475387775875,34.04578332065087,34.0367210089304,36.270727123019284,0.7830384295453698,0.7830384295453698,0.2919466815578051,0.2919466815578051,26.23984758566875,33.272684413382564,32.7237663827253,34.04784793055099,36.27086320297619,0.7893342083889547,0.7893342083889547,0.28339464612137655,0.28339464612137655,26.34209595456686,33.27117008783326,32.7237663827253,35.02626259946251,35.41325265696479,0.6544090733839565,0.6544090733839565,0.950220357758083,0.950220357758083,24.18085396155955,34.344739057076325,33.66098787719973,35.002297124741474,35.3976112755246,0.6448231661022263,0.6448231661022263,0.9652176183195968,0.9652176183195968,23.933240251663726,34.34418570972188,33.66098787719973
1379,25.776648762606253,25.823351237393737,0.577664876260626,0.08766487626062601,8.766487626062602,1.055532975252125,1.3,0.09832197692373083,0.09832197692373083,0.838728613901965,0.797820728763538,0.838728613901965,34.82612364415239,36.22355945367887,20.335952758105126,1.419881739070128,0.465742234820612,24.716663881324855,143.5596687057789,-25.22828997922872,-32.81382102638143,4.0513862663515,-12.626058747452142,-62.04080083882011,35.06219732317445,36.5649999039564,0.973103694663207,0.973103694663207,0.11850681370256355,0.11850681370256355,22.845762437375242,34.48857992370474,33.90264831398712,35.05618719371991,36.27724611354032,1.1681688900274425,1.1681688900274425,0.2640899347895891,0.2640899347895891,24.222355433721297,34.358031359740245,34.334590710262546,34.93486424568665,36.25272619595072,1.1937125147799086,1.1937125147799086,-0.08753058749973741,-0.08753058749973741,24.39088642344421,34.21692490808226,34.37931842933295,35.34715840599944,37.741369057883716,0.8246787503168362,0.8246787503168362,1.5290364475311513,1.5290364475311513,23.886585287321658,34.55091666248571,34.551184467971574,34.169305172178134,35.96594967046804,0.5715290186738478,0.5715290186738478,1.4252324201992326,1.4252324201992326,25.51766303797681,33.83959507781169,33.723483134396794,34.175451806480446,35.96613518825887,0.5753947283567955,0.5753947283567955,1.4189359353808326,1.4189359353808326,25.614679297181766,33.838064423217766,33.723483134396794,33.52498423996306,35.18178448676569,0.8032511744629858,0.8032511744629858,2.773289367609821,2.773289367609821,25.27284718451601,33.02940269977617,32.898792279634215,33.53167120045951,35.181335009583066,0.8111817590822521,0.8111817590822521,2.756388139008994,2.756388139008994,25.3752672352212,33.02601498120972,32.898792279634215,35.39328726760907,35.656990894176694,0.6884633624343355,0.6884633624343355,0.5299763025305435,0.5299763025305435,23.61493294662553,34.87524793539676,34.10254935308619,35.39589588503219,35.658999560729846,0.6909100378236714,0.6909100378236714,0.5265814504790611,0.5265814504790611,23.74513562332471,34.873733564229966,34.10254935308619,35.04905419649925,36.69591735866558,0.5974550217089476,0.5974550217089476,1.1725587457917162,1.1725587457917162,24.557377107315627,34.57569253998987,34.04578332065087,35.053394516844186,36.6958891417008,0.5995650003737438,0.5995650003737438,1.1688469791214626,1.1688469791214626,24.670602919226933,34.57475387775875,34.04578332065087,34.03628071791899,36.27481967069815,0.7917250558544611,0.7917250558544611,0.27254655196128263,0.27254655196128263,26.239878059168884,33.272684413382564,32.7237663827253,34.04747779218879,36.27500401355058,0.798042976781236,0.798042976781236,0.26398970456836635,0.26398970456836635,26.342120314346776,33.27117008783326,32.7237663827253,35.03188501152493,35.4258678716309,0.6655441559596538,0.6655441559596538,0.9295648164357802,0.9295648164357802,24.179054828567818,34.344739057076325,33.66098787719973,35.00788638447894,35.409862590371404,0.65596099463759,0.65596099463759,0.944499632097243,0.944499632097243,23.931269333876983,34.34418570972188,33.66098787719973
1439,25.776648762606253,25.823351237393737,0.577664876260626,0.08766487626062601,8.766487626062602,1.055532975252125,1.3,0.0674349991948701,0.0674349991948701,0.8510951068800093,0.8098971202411437,0.8510951068800093,34.830867592978684,36.225084756283145,20.335952758105126,1.419881739070128,0.465742234820612,24.71554693266023,143.5596687057789,-25.2378326451869,-32.82813706567872,4.0513862663515,-12.6273615554829,-62.45768568160941,35.07283949252105,36.56682440518627,0.9926555178289638,0.9926555178289638,0.0903380382312644,0.0903380382312644,22.84203867880248,34.48857992370474,33.90264831398712,35.06780263422113,36.27888010960276,1.1883311949416386,1.1883311949416386,0.23289770679532884,0.23289770679532884,24.219818120256264,34.358031359740245,34.334590710262546,34.94694112831327,36.25436164565162,1.2140003907745185,1.2140003907745185,-0.12093074744198296,-0.12093074744198296,24.388242472255385,34.21692490808226,34.37931842933295,35.35811792604842,37.74289694581634,0.8391026273500737,0.8391026273500737,1.5035917727648742,1.5035917727648742,23.883619843467272,34.55091666248571,34.551184467971574,34.16417422172715,35.96906928956323,0.5783321380676334,0.5783321380676334,1.40793670310391,1.40793670310391,25.51813202437731,33.83959507781169,33.723483134396794,34.17034693086458,35.969304786562645,0.5822083554444664,0.5822083554444664,1.4016323998341553,1.4016323998341553,25.615129300090693,33.838064423217766,33.723483134396794,33.52172472898922,35.187170548775974,0.8099346434476153,0.8099346434476153,2.7727506217575053,2.7727506217575053,25.273335718180096,33.02940269977617,32.898792279634215,33.528479039499175,35.18681027207823,0.8179173569158271,0.8179173569158271,2.7556999170060923,2.7556999170060923,25.37573313483258,33.02601498120972,32.898792279634215,35.39691831455996,35.66379556150415,0.6996088872320438,0.6996088872320438,0.5089812018049487,0.5089812018049487,23.613787027818347,34.87524793539676,34.10254935308619,35.39952130328519,35.66583220551728,0.7020514741404669,0.7020514741404669,0.505600188568206,0.505600188568206,23.744013382249054,34.873733564229966,34.10254935308619,35.04992305046524,36.69792259795122,0.6066996360146901,0.6066996360146901,1.1563120984474917,1.1563120984474917,24.55716363545673,34.57569253998987,34.04578332065087,35.05426443706047,36.69790516846998,0.6088054378736998,0.6088054378736998,1.152617188089129,1.152617188089129,24.670393233648678,34.57475387775875,34.04578332065087,34.03547521200358,36.278948519772264,0.800071583735221,0.800071583735221,0.2539641638184653,0.2539641638184653,26.23993427570169,33.272684413382564,32.7237663827253,34.046735475511966,36.27918193727036,0.8064099694485658,0.8064099694485658,0.2454033609528068,0.2454033609528068,26.34216970044074,33.27117008783326,32.7237663827253,35.037164868732,35.43773194096065,0.6763178175053284,0.6763178175053284,0.9096898363702177,0.9096898363702177,24.177365341174813,34.344739057076325,33.66098787719973,35.013143535310824,35.42139564769729,0.6667398192398504,0.6667398192398504,0.9245627655521038,0.9245627655521038,23.929415559122965,34.34418570972188,33.66098787719973
1499,25.776648762606253,25.823351237393737,0.577664876260626,0.08766487626062601,8.766487626062602,1.055532975252125,1.3,0.0376893358496894,0.0376893358496894,0.8630107790702478,0.8215479703741093,0.8630107790702478,34.83532203217124,36.22656760442418,20.335952758105126,1.419881739070128,0.465742234820612,24.71448747839376,143.5596687057789,-25.246671598410206,-32.84150211608307,4.0513862663515,-12.628631916680632,-62.86158153174381,35.0831549183202,36.568605468758165,1.0115807464932818,1.0115807464932818,0.0631814826534205,0.0631814826534205,22.8384291515929,34.48857992370474,33.90264831398712,35.078968802611534,36.28047326556214,1.2077467649307203,1.2077467649307203,0.20288607553660043,0.20288607553660043,24.21737895301867,34.358031359740245,34.334590710262546,34.95855420760443,36.25595692777388,1.2335384027335028,1.2335384027335028,-0.15299955064095272,-0.15299955064095272,24.385700071858608,34.21692490808226,34.37931842933295,35.368628380513435,37.74442719615006,0.8530352458604415,0.8530352458604415,1.4789956780344764,1.4789956780344764,23.880775919871432,34.55091666248571,34.551184467971574,34.159097216209275,35.972139707454886,0.5848948717314348,0.5848948717314348,1.3913013713241917,1.3913013713241917,25.51859610128016,33.83959507781169,33.723483134396794,34.16529380056716,35.97242506508565,0.5887808172005444,0.5887808172005444,1.3849905143053458,1.3849905143053458,25.61557476239004,33.838064423217766,33.723483134396794,33.518403384555675,35.19249789889101,0.8163113295987401,0.8163113295987401,2.7722864274262555,2.7722864274262555,25.27383358121309,33.02940269977617,32.898792279634215,33.5252217003702,35.19222706826913,0.8243440259527484,0.8243440259527484,2.755092374719763,2.755092374719763,25.376208608741415,33.02601498120972,32.898792279634215,35.40034312979627,35.67009900929806,0.7103682203926462,0.7103682203926462,0.48881161675212836,0.48881161675212836,23.612706222456133,34.87524793539676,34.10254935308619,35.40293958430385,35.672158873308746,0.7128062687433863,0.7128062687433863,0.4854444158516289,0.4854444158516289,23.742955288765096,34.873733564229966,34.10254935308619,35.050643240787814,36.699947810427055,0.6156639862930682,0.6156639862930682,1.1405983269858353,1.1405983269858353,24.55698668818667,34.57569253998987,34.04578332065087,35.05498377210217,36.69994132212939,0.6177656344103215,0.6177656344103215,1.1369201773278714,1.1369201773278714,24.670219842695353,34.57475387775875,34.04578332065087,34.03436534047244,36.283103395972105,0.8080806145693806,0.8080806145693806,0.2361837959573425,0.2361837959573425,26.240011947369936,33.272684413382564,32.7237663827253,34.045682674018856,36.28338655506766,0.8144379446423251,0.8144379446423251,0.22761975946394752,0.22761975946394752,26.342239965515535,33.27117008783326,32.7237663827253,35.04212803800088,35.44888913475212,0.6867252435335867,0.6867252435335867,0.8905887660973599,0.8905887660973599,24.175777214902162,34.344739057076325,33.66098787719973,35.01809321186556,35.43225238678344,0.6771545413922131,0.6771545413922131,0.9054005543067793,0.9054005543067793,23.927670232857846,34.34418570972188,33.66098787719973
1559,25.776648762606253,25.823351237393737,0.577664876260626,0.08766487626062601,8.766487626062602,1.055532975252125,1.3,0.009077739546489086,0.009077739546489086,0.8744857098010388,0.8327895278825496,0.8744857098010388,34.83951096606565,36.22801074707486,20.335952758105126,1.419881739070128,0.465742234820612,24.713474025096925,143.5596687057789,-25.255090877408783,-32.85429334212061,4.0513862663515,-12.629869842349905,-63.21780102155195,35.09314087641179,36.57034316212245,1.0298836064787427,1.0298836064787427,0.03701154631895154,0.03701154631895154,22.83493486420274,34.48857992370474,33.90264831398712,35.089705187078735,36.2820256246502,1.2264404407995575,1.2264404407995575,0.1740126603498826,0.1740126603498826,24.215033682583922,34.358031359740245,34.334590710262546,34.969724851647726,36.257512150070475,1.2523529504431137,1.2523529504431137,-0.1837909880293669,-0.1837909880293669,24.38325454942572,34.21692490808226,34.37931842933295,35.378711015624795,37.745957515548625,0.8664878559350635,0.8664878559350635,1.4552340137780897,1.4552340137780897,23.87804777503419,34.55091666248571,34.551184467971574,34.15550902243944,35.975153756438004,0.5958125623522985,0.5958125623522985,1.36786540079438,1.36786540079438,25.518928682245313,33.83959507781169,33.723483134396794,34.16030365154833,35.97548872303737,0.5951096949558177,0.5951096949558177,1.3690050960048228,1.3690050960048228,25.616014684966622,33.838064423217766,33.723483134396794,33.515040519996,35.19775390576606,0.8223886082184291,0.8223886082184291,2.7719025435701594,2.7719025435701594,25.274337710759703,33.02940269977617,32.898792279634215,33.52191981433972,35.19757255797443,0.8304692986490294,0.8304692986490294,2.754570855607595,2.754570855607595,25.376690627729374,33.02601498120972,32.898792279634215,35.40357864852729,35.675947252343164,0.7207495232107575,0.7207495232107575,0.469439667629306,0.469439667629306,23.611685184730767,34.87524793539676,34.10254935308619,35.40616782915147,35.678026155028036,0.7231826688933896,0.7231826688933896,0.4660861951462374,0.4660861951462374,23.74195604798554,34.873733564229966,34.10254935308619,35.05123972671504,36.70198994126046,0.6243455869890147,0.6243455869890147,1.125419068588049,1.125419068588049,24.55684013010665,34.57569253998987,34.04578332065087,35.05557780884729,36.70199451680134,0.6264430987942453,0.6264430987942453,1.1217575294177082,1.1217575294177082,24.670076648425738,34.57475387775875,34.04578332065087,34.03300217818345,36.28727475083528,0.8157589390922482,0.8157589390922482,0.2191798061343564,0.2191798061343564,26.240107472669756,33.272684413382564,32.7237663827253,34.04437118373156,36.28760818314453,0.8221338224268977,0.8221338224268977,0.21061316933412666,0.21061316933412666,26.3423276253144,33.27117008783326,32.7237663827253,35.04679765459758,35.45938173994219,0.6967711423014182,0.6967711423014182,0.8722391667516634,0.8722391667516634,24.17428304152834,34.344739057076325,33.66098787719973,35.022757473967594,35.4424728796549,0.6872096611638181,0.6872096611638181,0.886990594810867,0.886990594810867,23.926025570981118,34.34418570972188,33.66098787719973
1619,25.776648762606253,25.823351237393737,0.577664876260626,0.08766487626062601,8.766487626062602,1.055532975252125,1.3,-0.018460923522902444,-0.018460923522902444,0.8855403660761092,0.8436819704254448,0.8855403660761092,34.843456501939585,36.229421263927165,20.335952758105126,1.419881739070128,0.465742234820612,24.71249521341885,143.5596687057789,-25.26336629687586,-32.86687864436899,4.0513862663515,-12.631077052721688,-63.55049632890946,35.10280507433397,36.57203893864434,1.0475869503633977,1.0475869503633977,0.011779056470794025,0.011779056470794025,22.831553164383184,34.48857992370474,33.90264831398712,35.10003410864937,36.283539391456806,1.2444496128914735,1.2444496128914735,0.1462162150583648,0.1462162150583648,24.212777443317535,34.358031359740245,34.334590710262546,34.980476240814795,36.259029810914946,1.2704821891675913,1.2704821891675913,-0.21337804209786615,-0.21337804209786615,24.380900837778448,34.21692490808226,34.37931842933295,35.388389392182475,37.747486020921144,0.8794836483250745,0.8794836483250745,1.43227024282425,1.43227024282425,23.875429046144447,34.55091666248571,34.551184467971574,34.154640585099706,35.97810578815491,0.606471155002096,0.606471155002096,1.3451199066356545,1.3451199066356545,25.519011130966774,33.83959507781169,33.723483134396794,34.155473734563245,35.97848960360185,0.6023355502743519,0.6023355502743519,1.3518151899212172,1.3518151899212172,25.616441719767572,33.838064423217766,33.723483134396794,33.51164924383819,35.202927685203974,0.8281800358353997,0.8281800358353997,2.7716019306156285,2.7716019306156285,25.27484612897986,33.02940269977617,32.898792279634215,33.51858675537818,35.20283566968152,0.8363068692958429,0.8363068692958429,2.754137922785249,2.754137922785249,25.377177226875723,33.02601498120972,32.898792279634215,35.40664162224959,35.68138184584593,0.7307709924727446,0.7307709924727446,0.4508204779805913,0.4508204779805913,23.6107186343548,34.87524793539676,34.10254935308619,35.40922292502108,35.68347611948006,0.7331989410806092,0.7331989410806092,0.4474806143236978,0.4474806143236978,23.741010438639304,34.873733564229966,34.10254935308619,35.05173247730899,36.70404612139172,0.6327531641469633,0.6327531641469633,1.1107561742638297,1.1107561742638297,24.55671905490458,34.57569253998987,34.04578332065087,35.056066784534984,36.70406185450789,0.634846548503853,0.634846548503853,1.107111068426724,1.107111068426724,24.669958772984565,34.57475387775875,34.04578332065087,34.03142645830883,36.29145375872623,0.8231211548978754,0.8231211548978754,0.20291109882479375,0.20291109882479375,26.240217979150284,33.272684413382564,32.7237663827253,34.042842350251576,36.29183786985209,0.8295123129613193,0.8295123129613193,0.19434244091241726,0.19434244091241726,26.342429898396286,33.27117008783326,32.7237663827253,35.05119519900411,35.469250023344486,0.7064710960473852,0.7064710960473852,0.8546006253378382,0.8546006253378382,24.172875949508562,34.344739057076325,33.66098787719973,35.027156898533526,35.45209529841938,0.6969205895745962,0.6969205895745962,0.8692924239529856,0.8692924239529856,23.924474320125018,34.34418570972188,33.66098787719973
1679,25.776648762606253,25.823351237393737,0.577664876260626,0.08766487626062601,8.766487626062602,1.055532975252125,1.3,-0.04785111821977347,-0.04785111821977347,0.9134597496944482,0.8541921868396085,0.9134597496944482,34.84717895276403,36.23080375885026,20.335952758105126,1.419881739070128,0.465742234820612,24.71154193660865,143.5596687057789,-25.271719668429405,-32.87955419798741,4.0513862663515,-12.63225611495614,-63.84346334710428,35.112159451907665,36.57369510268567,1.064718878578664,1.064718878578664,-0.013516982781653919,-0.013516982781653919,22.82827990498978,34.48857992370474,33.90264831398712,35.109978295056244,36.28501780351457,1.2618134029407813,1.2618134029407813,0.1184517663087683,0.1184517663087683,24.210605277389867,34.358031359740245,34.334590710262546,34.99083159874333,36.26051341678882,1.2879656368132832,1.2879656368132832,-0.24848813818643478,-0.24848813818643478,24.378633857897626,34.21692490808226,34.37931842933295,35.39768740228076,37.749011191444254,0.8920477212560862,0.8920477212560862,1.4100634126520588,1.4100634126520588,23.872913276398926,34.55091666248571,34.551184467971574,34.15535615958595,35.98099257692973,0.6167651555145821,0.6167651555145821,1.3147536098809867,1.3147536098809867,25.518947642072284,33.83959507781169,33.723483134396794,34.153038045766614,35.98142264548136,0.613049094972415,0.613049094972415,1.320748746650282,1.320748746650282,25.616660618827957,33.838064423217766,33.723483134396794,33.50823900064063,35.20800994767359,0.8336992623788428,0.8336992623788428,2.790219496309771,2.790219496309771,25.275357407689782,33.02940269977617,32.898792279634215,33.51523219347731,35.20800694642159,0.8418705076216946,0.8418705076216946,2.772578303747659,2.772578303747659,25.377666982384262,33.02601498120972,32.898792279634215,35.409548073088445,35.686440450623955,0.7404527798456155,0.7404527798456155,0.4255024743410738,0.4255024743410738,23.609801514170833,34.87524793539676,34.10254935308619,35.41212100820401,35.688546884223115,0.7428752944459229,0.7428752944459229,0.42218329234774665,0.42218329234774665,23.740113464979064,34.873733564229966,34.10254935308619,35.05213814620012,36.70611366955038,0.6408970974081503,0.6408970974081503,1.0965886270015344,1.0965886270015344,24.55661936859626,34.57569253998987,34.04578332065087,35.05646757470364,36.706140627146425,0.6429863523304151,0.6429863523304151,1.0929597655452779,1.0929597655452779,24.66986214657625,34.57475387775875,34.04578332065087,34.02967177220125,36.2956323022953,0.8301826449309995,0.8301826449309995,0.17748369570449163,0.17748369570449163,26.24034109725602,33.272684413382564,32.7237663827253,34.041130289243554,36.29606738091548,0.8365888966977653,0.8365888966977653,0.16893797108177022,0.16893797108177022,26.34254448899813,33.27117008783326,32.7237663827253,35.05534087234976,35.47853223848284,0.7158422211292725,0.7158422211292725,0.8334763613469716,0.8334763613469716,24.1715494729625,34.344739057076325,33.66098787719973,35.03131090570425,35.461155924669136,0.706304303295187,0.706304303295187,0.8480827182712698,0.8480827182712698,23.923009630707575,34.34418570972188,33.66098787719973
1739,25.776648762606253,25.823351237393737,0.577664876260626,0.08766487626062601,8.766487626062602,1.055532975252125,1.3,-0.07341557484100081,-0.07341557484100081,0.9238484626339555,0.8643406801150005,0.9238484626339555,34.850696959005475,36.23216161518857,20.335952758105126,1.419881739070128,0.465742234820612,24.710614726965655,143.5596687057789,-25.280080032523138,-32.89222247193091,4.0513862663515,-12.633410082280653,-64.1301160882087,35.12121913814761,36.57531456738509,1.08130473597876,1.08130473597876,-0.03701662694384833,-0.03701662694384833,22.825109786433554,34.48857992370474,33.90264831398712,35.11956078763553,36.28646469382561,1.2785660224593491,1.2785660224593491,0.09263244833820528,0.09263244833820528,24.208512146943065,34.358031359740245,34.334590710262546,35.000814168994225,36.261967007342236,1.3048373012497279,1.3048373012497279,-0.27586254591735937,-0.27586254591735937,24.37644851754347,34.21692490808226,34.37931842933295,35.40662915567523,37.750531840115684,0.904200953512464,0.904200953512464,1.388579213262671,1.388579213262671,23.870493937651034,34.55091666248571,34.551184467971574,34.15710140574463,35.98381345117472,0.6267621329303852,0.6267621329303852,1.293568037878321,1.293568037878321,25.51878944088362,33.83959507781169,33.723483134396794,34.15275040625085,35.98428443100498,0.6229955353875591,0.6229955353875591,1.299634635732406,1.299634635732406,25.616688352641706,33.838064423217766,33.723483134396794,33.50481585940198,35.21299285241881,0.838961639971104,0.838961639971104,2.790151043055685,2.790151043055685,25.275870636371707,33.02940269977617,32.898792279634215,33.51186239008537,35.21307839829184,0.8471756771513279,0.8471756771513279,2.7723867519421255,2.7723867519421255,25.378158979414223,33.02601498120972,32.898792279634215,35.4123132365456,35.69115731850199,0.749813372125927,0.749813372125927,0.40826444527778616,0.40826444527778616,23.60892901414514,34.87524793539676,34.10254935308619,35.41487740896835,35.69327310625642,0.7522302661769036,0.7522302661769036,0.40495844622773003,0.40495844622773003,23.73926037970837,34.873733564229966,34.10254935308619,35.05247049374805,36.70819009181827,0.6487897653933525,0.6487897653933525,1.0828920266659543,1.0828920266659543,24.556537693934974,34.57569253998987,34.04578332065087,35.0567941220068,36.70822831599199,0.6508748935874653,0.6508748935874653,1.0792791919884919,1.0792791919884919,24.669783412117027,34.57475387775875,34.04578332065087,34.02776541777675,36.29980295043285,0.8369610855779914,0.8369610855779914,0.16255339185957385,0.16255339185957385,26.240474904191665,33.272684413382564,32.7237663827253,34.03926274800214,36.30028917708502,0.8433813468080849,0.8433813468080849,0.1540065868288425,0.1540065868288425,26.342669532604376,33.27117008783326,32.7237663827253,35.059253667743896,35.487264670141904,0.7249006879618691,0.7249006879618691,0.8171495721581288,0.8171495721581288,24.17029753483295,34.344739057076325,33.66098787719973,35.035237817242056,35.46968919430461,0.71537679280872,0.71537679280872,0.8316981752582475,0.8316981752582475,23.921625042641125,34.34418570972188,33.66098787719973
1799,25.776648762606253,25.823351237393737,0.577664876260626,0.08766487626062601,8.766487626062602,1.055532975252125,1.3,-0.09806744379897021,-0.09806744379897021,0.9338685464635187,0.8741417002021712,0.9338685464635187,34.85402684188531,36.23349348896087,20.335952758105126,1.419881739070128,0.465742234820612,24.709716771093206,143.5596687057789,-25.288303492034725,-32.90468771522461,4.0513862663515,-12.634540897281077,-64.41023847798286,35.12999574979274,36.576899464690236,1.0973606541453282,1.0973606541453282,-0.059714302217760196,-0.059714302217760196,22.822038726901745,34.48857992370474,33.90264831398712,35.12880113784437,36.28788247457221,1.2947321557722016,1.2947321557722016,0.06773086627801872,0.06773086627801872,24.206493771353202,34.358031359740245,34.334590710262546,35.010444258913,36.26339291738768,1.3211219563495513,1.3211219563495513,-0.3022188954571692,-0.3022188954571692,24.374340363080403,34.21692490808226,34.37931842933295,35.415235366327344,37.752046855930836,0.9159563498263363,0.9159563498263363,1.3677966228288172,1.3677966228288172,23.868165413005524,34.55091666248571,34.551184467971574,34.15956350827348,35.98656970967954,0.6365273669197067,0.6365273669197067,1.2729887438453458,1.2729887438453458,25.518565350761996,33.83959507781169,33.723483134396794,34.15375882040468,35.98707387755596,0.6326481829168018,0.6326481829168018,1.279226493795254,1.279226493795254,25.616601006763602,33.838064423217766,33.723483134396794,33.50138631214817,35.21786982841575,0.8439786236906746,0.8439786236906746,2.7901605001900305,2.7901605001900305,25.276384841386452,33.02940269977617,32.898792279634215,33.50848400666382,35.218043321898975,0.8522339322787111,0.8522339322787111,2.772277475858649,2.772277475858649,25.378652245028842,33.02601498120972,32.898792279634215,35.414950067082,35.695563634459845,0.7588651076894637,0.7588651076894637,0.39165908668192984,0.39165908668192984,23.608097036159865,34.87524793539676,34.10254935308619,35.4175051671246,35.697686329180875,0.7612762404630375,0.7612762404630375,0.38836608911397175,0.38836608911397175,23.73844713673763,34.873733564229966,34.10254935308619,35.0527415878143,36.71027306063182,0.6564379605039732,0.6564379605039732,1.0696517822218674,1.0696517822218674,24.55647106717136,34.57569253998987,34.04578332065087,35.05705865041636,36.710322570624825,0.6585189736349588,0.6585189736349588,1.0660547211438183,1.0660547211438183,24.66971962449199,34.57475387775875,34.04578332065087,34.02573173711852,36.303958922262886,0.8434696477635355,0.8434696477635355,0.1482416629943093,0.1482416629943093,26.2406176857795,33.272684413382564,32.7237663827253,34.037264460767,36.3044963777775,0.8499029234600508,0.8499029234600508,0.1396942250495241,0.1396942250495241,26.342803367566027,33.27117008783326,32.7237663827253,35.06295089365284,35.4954816516358,0.7336564196598165,0.7336564196598165,0.8014265541226953,0.8014265541226953,24.169114591445815,34.344739057076325,33.66098787719973,35.03895432116902,35.47772771300436,0.7241477978445814,0.7241477978445814,0.8159180904763279,0.8159180904763279,23.92031466559461,34.34418570972188,33.66098787719973
